fips,county,state,datetime,State_FIPS_Code,log_rolled_cases.x,shifted_time,log_rolled_cases.y,LAT,LON,AREA_SQMI,E_TOTPOP,E_HU,E_HH,E_POV,E_UNEMP,E_PCI,E_NOHSDP,E_AGE65,E_AGE17,E_DISABL,E_SNGPNT,E_MINRTY,E_LIMENG,E_MUNIT,E_MOBILE,E_CROWD,E_NOVEH,E_GROUPQ,EP_POV,MP_POV,EP_UNEMP,MP_UNEMP,EP_PCI,MP_PCI,EP_NOHSDP,MP_NOHSDP,EP_AGE65,MP_AGE65,EP_AGE17,MP_AGE17,EP_DISABL,MP_DISABL,EP_SNGPNT,MP_SNGPNT,EP_MINRTY,MP_MINRTY,EP_LIMENG,MP_LIMENG,EP_MUNIT,MP_MUNIT,EP_MOBILE,MP_MOBILE,EP_CROWD,MP_CROWD,EP_NOVEH,MP_NOVEH,EP_GROUPQ,MP_GROUPQ,EPL_POV,EPL_UNEMP,EPL_PCI,EPL_NOHSDP,SPL_THEME1,RPL_THEME1,EPL_AGE65,EPL_AGE17,EPL_DISABL,EPL_SNGPNT,SPL_THEME2,RPL_THEME2,EPL_MINRTY,EPL_LIMENG,SPL_THEME3,RPL_THEME3,EPL_MUNIT,EPL_MOBILE,EPL_CROWD,EPL_NOVEH,EPL_GROUPQ,SPL_THEME4,RPL_THEME4,SPL_THEMES,RPL_THEMES,F_POV,F_UNEMP,F_PCI,F_NOHSDP,F_THEME1,F_AGE65,F_AGE17,F_DISABL,F_SNGPNT,F_THEME2,F_MINRTY,F_LIMENG,F_THEME3,F_MUNIT,F_MOBILE,F_CROWD,F_NOVEH,F_GROUPQ,F_THEME4,F_TOTAL,E_UNINSUR,EP_UNINSUR,MP_UNINSUR,E_DAYPOP,State_of_emergency_issued,State_of_emergency_lifted,Date_closed_K-12_public_schools,Closed_day_cares,Reopen_day_cares,Date_banned_visitors_to_nursing_homes,Stay_at_home/_shelter_in_place,Stay_at_home_order'_issued_but_did_not_specifically_restrict_movement_of_the_general_public,End/relax_stay_at_home/shelter_in_place,Closed_other_non-essential_businesses,Closed_businesses_overnight,Began_to_reopen_businesses,Religious_gatherings_exempt_without_clear_social_distance_mandate*,Face_mask_mandate_in_public_spaces,Face_mask_mandate_x2,Face_mask_mandate_enforced_by_fines,Face_mask_mandate_enforced_by_criminal_charge/citation,No_legal_enforcement_of_face_mask_mandate,Face_mask_mandate_for_employees_of_public-facing_businesses,Ended_face_mask_mandate,Ended_face_mask_mandate_x2,Attempted_to_prevent_local_governments_from_implementing_face_mask_orders,Banned_local_mask_mandates,Liquor_stores_remained_open,Allowed_restaurants_to_sell_takeout_alcohol,Allowed_restaurants_to_deliver_alcohol,Firearm_sellers_remained_open,Cannabis_dispensaries_considered_essential_business,Closed_restaurants_except_take_out,Reopen_restaurants,Initially_reopen_restaurants_for_outdoor_dining_only,Closed_gyms,Reopened_gyms,Closed_movie_theaters,Reopened_movie_theaters,Closed_Bars,Reopen_bars,Reopened_hair_salons/barber_shops,Reopened_religious_gatherings,Reopened_other_non-essential_retail,Allowed_businesses_to_reopen_overnight,Began_to_reclose_bars,Closed_bars_(x2),Closed_movie_theaters_(x2),Closed_hair_salons/barber_shops_(x2),Closed_gyms_(x2),Closed_restaurants_(x2),Reopened_restaurants_(x2),Reopened_bars_(x2),Reopened_gyms_(x2),Reopened_hair_salons/barber_shops_(x2),Reopened_movie_theaters_(x2),Closed_bars_(x3),Closed_restaurants_(x3),Reopened_bars_(x3),Reopened_restaurants_(x3),Mandate_quarantine_for_those_entering_the_state_from_specific_settings,Mandate_quarantine_for_all_individuals_entering_the_state,Date_all_mandated_quarantines_ended,Date_vaccine_allocation_plan_last_updated,Vaccine_allocation_phase:_Frontline_Healthcare_Workers,Vaccine_allocation_phase:_Healthcare_Service_Workers,Vaccine_allocation_phase:_Home_Healthcare_Workers,Vaccine_allocation_phase:_Additional_Healthcare_Workers,Vaccine_allocation_phase:_Long-term_Care_Residents,Vaccine_allocation_phase:_EMS_Providers,Vaccine_allocation_phase:_Firefighters,Vaccine_allocation_phase:_Law_Enforcement_&_Public_Safety_Personnel,Vaccine_allocation_phase:_Correctional_Staff,Vaccine_allocation_phase:_People_who_are_Incarcerated,Vaccine_allocation_phase:_Residents_of_Homeless_Shelters,Vaccine_allocation_phase:_Adults_Ages_75+,Vaccine_allocation_phase:_Adults_Ages_65+,Vaccine_allocation_phase:_Adults_w/_High-Risk_Medical_Conditions,Vaccine_allocation_phase:_Pre-K-12_School_Employees,Vaccine_allocation_phase:_Higher_Education_Employees,Vaccine_allocation_phase:_Public_Transit_Workers,Vaccine_allocation_phase:_Food_Supply_Workers,Vaccine_allocation_phase:_Grocery_Store_Workers,Vaccine_allocation_phase:_Frontline_Essential_Workers,Vaccine_allocation_phase:_Additional_Essential_Workers,Vaccine_allocation_phase:_General_Public,Date_adults_ages_80+_became_eligible_for_COVID-19_vaccination,Date_adults_ages_75+_became_eligible_for_COVID-19_vaccination,Date_adults_ages_70+_became_eligible_for_COVID-19_vaccination,Date_adults_ages_65+_became_eligible_for_COVID-19_vaccination,Date_adults_ages_60+_became_eligible_for_COVID-19_vaccination,Date_adults_ages_55+_became_eligible_for_COVID-19_vaccination,Date_adults_ages_50+_became_eligible_for_COVID-19_vaccination,Date_adults_ages_45+_became_eligible_for_COVID-19_vaccination,Date_adults_ages_40+_became_eligible_for_COVID-19_vaccination,Date_adults_ages_30+_became_eligible_for_COVID-19_vaccination,Date_K-12_school_employees_became_eligible_for_COVID-19_vaccination,Date_grocery_store_workers_became_eligible_for_COVID-19_vaccination,Date_incarcerated_people_became_eligible_for_COVID-19_vaccination,Date_general_public_became_eligible_for_COVID-19_vaccination,Adults_ages_65+_prioritized_ahead_of_essential_workers,Prioritization_by_race/ethnicity,Proof_of_work_eligibility_requirement_for_vaccination,Proof_of_age_eligibility_requirement_for_vaccination,Proof_of_residency_requirement_for_vaccination,Penalty_for_failure_to_comply_with_vaccine_distribution_requirements,Expanded_scope_of_practice_of_certain_health_providers_to_administer_vaccines,First_overall_eviction_moratorium_start,First_overall_eviction_moratorium_end,Second_overall_eviction_moratorium_start,Second_overall_eviction_moratorium_end,Third_overall_eviction_moratorium_start,Third_overall_eviction_moratorium_end,First_eviction_initiation_ban_start,First_eviction_initiation_ban_end,Second_Eviction_Initiation_Ban_Start,Second_Eviction_Initiation_Ban_End,First_eviction_hearing_ban_start,First_eviction_hearing_ban_end,Second_Eviction_Hearing_Ban_Start,Second_Eviction_Hearing_Ban_End,First_eviction_enforcement_ban_start,First_eviction_enforcement_ban_end,Second_Eviction_Enforcement_Ban_Start,Second_Eviction_Enforcement_Ban_End,COVID-19_hardship_limitation_start,COVID-19_hardship_limitation_end,Second_COVID-19_hardship_limitation_start,Second_COVID-19_hardship_limitation_end,Non-payment_limitation_start,Non-payment_limitation_end,Second_non-payment_limitation_start,Second_non-payment_limitation_end,CARES_Act_pleading_start,CARES_Act_pleading_end,CDC_moratorium_start,CDC_moratorium_end,Late_Fee_Ban_Start,Late_Fee_Ban_End,Second_Late_Fee_Ban_Start,Second_Late_Fee_Ban_End,Utilities_shutoff_moratorium_start,Utilities_shutoff_moratorium_expiration,Second_utilities_shutoff_moratorium_start,Utilities_reconnection_start,Utilities_reconnection_end,SNAP_Waiver_-_Emergency_Allotments_to_Current_SNAP_Households,SNAP_Waiver_-_Pandemic_EBT_during_school_year_2019-2020,SNAP_Waiver_-_Pandemic_EBT_during_school_year_2020-2021,SNAP_Waiver_-_Pandemic_EBT_during_summer_2021,SNAP_Waiver_-_Temporary_Suspension_of_Claims_Collection,2020_Q1_SNAP_ABAWD_Time_Limit_Waiver,Modify_Medicaid_requirements_with_1135_waivers_(date_of_CMS_approval),Reopened_ACA_enrollment_using_a_special_enrollment_period,State_previously_allowed_audio-only_telehealth,Allow_audio-only_telehealth,Allow/expand_Medicaid_telehealth_coverage,State_had_CHIP_premium_non-payment_lock-out_period_as_of_January_2019,Suspend_CHIP_premium_non-payment_lock-outs,Report_COVID-19_testing_by_race/ethnicity,Report_COVID-19_cases_by_race/ethnicity,Report_COVID-19_hospitalizations_by_race,Report_COVID-19_deaths_by_race/ethnicity,Report_COVID-19_vaccinations_by_race/ethnicity,Report_Indigenous_COVID-19_testing,Report_Indigenous_COVID-19_cases,Report_Indigenous_COVID-19_hospitalizations,Report_Indigenous_COVID-19_deaths,Report_Indigenous_COVID-19_vaccinations,Stopped_personal_visitation_in_state_prisons,Stopped_legal_visitation_in_state_prisons,Resumed_visitation_in_state_prisons,Stopped_visitation_in_state_prisons_x2,Resumed_visitation_in_state_prisons_x2,Does_not_charge_copays_for_incarcerated_individuals,Waived_COVID/respiratory_illness-related_copays_during_pandemic_for_incarcerated_individuals,Waived_all_copays_during_pandemic_for_incarcerated_individuals,Did_not_waive_copays_for_incarcerated_individuals,Suspended_elective_medical_procedures,Resumed_elective_medical_procedures,No_order_to_suspend_elective_medical_procedures_but_did_release_guidance_or_orders_to_resume,Suspended_elective_medical_procedures_x2,Resumed_elective_medical_procedures_x2,No_state_unemployment_waiting_period_prior_to_pandemic;_or_date_waiting_period_waived_not_found,Waived_one_week_waiting_period_for_unemployment_insurance,Reinstated_one_week_waiting_period_for_unemployment_insurance,Waived_work_search_requirement_for_unemployment_insurance,Reinstated_work_search_requirement_for_UI,Expanded_eligibility_of_unemployment_insurance_to_anyone_who_is_quarantined_and/or_taking_care_of_someone_who_is_quarantined,Expanded_eligibility_to_high-risk_individuals_in_preventative_quarantine,Expanded_eligibility_of_unemployment_insurance_to_those_who_have_lost_childcare/school_closures,Extended_the_amount_of_time_an_individual_can_be_on_unemployment_insurance,Weekly_unemployment_insurance_maximum_amount_(dollars),"Weekly_unemployment_insurance_maximum_amount_with_extra_stimulus_(through_July_31,_2020)_(dollars)",January_2020_unemployment_insurance_maximum_duration_(weeks),July_2020_unemployment_insurance_maximum_duration_(weeks),2021_unemployment_insurance_maximum_duration_(weeks),Extended_Benefits_program_activated,Extended_Benefits_program_deactivated,Extended_Benefits_program_activated_x2,Total_Unemployment_Rate_at_Extended_Benefits_program_shutoff,Total_Unemployment_Rate_relative_to_prior_year_(%),Total_Unemployment_Rate_relative_to_second_prior_year_(%),20-week_Extended_Benefits_program_activated,20-week_Extended_Benefits_program_deactivated,20-week_Extended_Benefits_program_activated_x2,Stopped_participating_in_pandemic-related_federal_unemployment_benefit_programs,Minimum_total_earnings_required_in_the_base_period_to_qualify_for_UI,Number_of_calendar_quarters_with_earnings_in_the_base_period_needed_to_qualify_for_UI,Minimum_total_earnings_required_outside_the_highest_earning_calendar_quarter_of_the_base_period_to_qualify_for_UI,Require_earnings_in_the_last_two_calendar_quarters_of_the_base_period_in_order_to_qualify_for_UI,Earnings_in_base_period_required_to_receive_a_$300_weekly_benefit_amount_for_UI,Taxable_Wage_Amount,Minimum_Tax_Rate_(%),Maximum_Tax_Rate_(%),Average_Benefit_Amount_(August),OSHA-approved_state_plan,State_department_in_charge_of_enforcing_programs,Aerosol_transmissable_diseases_standards,Air_or_ventilation_standards,Paid_sick_leave_prior_to_pandemic,Paid_sick_leave_expansion_during_pandemic,COVID-19_anti-retaliation_rules,COVID-19_business_liability_protections,COVID-19_liability_protections_for_healthcare_providers,Branch_of_government_implementing_COVID-19_liability_rules,COVID-19_workers'_compensation_expansion,Types_of_workers_eligible_for_workers'_compensation_expansion,Data_reporting_required_for_medical_treatment,Minimum_number_of_work_days_missed_by_workers_to_require_data_reporting,"Occupational_injuries,_illnesses,_and_fatalities_reporting_prior_to_pandemic",Made_Effort_to_Limit_Abortion_Access,Use_of_telemedicine/telephone_evaluations_to_initiate_buprenorphine_prescribing,Patients_can_receive_14-28_take-home_doses_of_opioid_medication,Home_delivery_of_take-home_medication_by_opioid_treatment_programs,Use_of_telemedicine_for_schedule_II-V_prescriptions,Exceptions_to_emergency_oral_prescriptions,Waive_requirement_to_obtain_separate_DEA_registration_to_dispense_outside_home_state,Medicaid_Expansion,Population_density_per_square_miles,Population_2018,Square_Miles,Number_Homeless_(2019),Percent_Unemployed_(2018),Percent_living_under_the_federal_poverty_line_(2018),Percent_at_risk_for_serious_illness_due_to_COVID,All-cause_deaths_2018,"Mental_health_professionals_per_100,000_population_in_2019",Were_there_casino(s)_in_State?_(Land_and_Non-Land_based),State_has_at_least_one_Indian/Alaska_Native_reservation,"COVID-19_is_not_an_acceptable_reason_to_request_application_for_mail-in_ballot_unless_sick_or_exposed_(as_of_September_16,_2020)","Witness_or_notary_signature_required_for_mail-in_ballot_(as_of_September_1,_2020)",Permanent_mail-in_ballot_system,"Automatic_mail-in_ballot_system_in_response_to_COVID-19_(0,1,2_2_being_conditional-_see_notes_for_details)","Automatic_applications_sent_for_mail-in_ballots_in_response_to_COVID-19_(0,1,2_2_being_conditional-_see_notes_for_details)",Last_date_of_receipt_of_mail-in_ballot_request_for_the_general_election_(by_mail_or_online),Closed_casinos,Reopened_casinos,Closed_casinos_(x2),Reopened_casinos_(x2),Mention_of_tribal_casinos,Jan_1_2019_Minimum_Wage,Mar_29_2019_Minimum_Wage,Jul_1_2019_Minimum_Wage,Oct_1_2019_Minimum_Wage,Jan_1_2020_Minimum_Wage,Jul_1_2020_Minimum_Wage,Sep_1_2020_Minimum_Wage,Oct_1_2020_Minimum_Wage,2020_Minimum_Wage_for_Tipped_Workers,2021_Minimum_Wage,Different_Minimum_Wage_for_Smaller_Businesses,death,deathConfirmed,deathIncrease,deathProbable,hospitalized,hospitalizedCumulative,hospitalizedCurrently,hospitalizedIncrease,inIcuCumulative,inIcuCurrently,negative,negativeIncrease,negativeTestsAntibody,negativeTestsPeopleAntibody,negativeTestsViral,onVentilatorCumulative,onVentilatorCurrently,positive,positiveCasesViral,positiveIncrease,positiveScore,positiveTestsAntibody,positiveTestsAntigen,positiveTestsPeopleAntibody,positiveTestsPeopleAntigen,positiveTestsViral,recovered,totalTestEncountersViral,totalTestEncountersViralIncrease,totalTestResults,totalTestResultsIncrease,totalTestsAntibody,totalTestsAntigen,totalTestsPeopleAntibody,totalTestsPeopleAntigen,totalTestsPeopleViral,totalTestsPeopleViralIncrease,totalTestsViral,totalTestsViralIncrease,metrics.testPositivityRatio,metrics.vaccinationsInitiatedRatio,metrics.vaccinationsCompletedRatio,hhs_region,Variant % A.2.5,Variant % AY.1,Variant % AY.2,Variant % AY.3,Variant % B.1,Variant % B.1.1,Variant % B.1.1.194,Variant % B.1.1.519,Variant % B.1.1.529,Variant % B.1.1.7,Variant % B.1.2,Variant % B.1.234,Variant % B.1.243,Variant % B.1.351,Variant % B.1.427,Variant % B.1.429,Variant % B.1.525,Variant % B.1.526,Variant % B.1.526.1,Variant % B.1.526.2,Variant % B.1.596,Variant % B.1.617,Variant % B.1.617.1,Variant % B.1.617.2,Variant % B.1.617.3,Variant % B.1.621,Variant % B.1.621.1,Variant % B.1.626,Variant % B.1.628,Variant % B.1.637,Variant % BA.1.1,Variant % BA.2,Variant % BA.2.12.1,Variant % BA.2.75,Variant % BA.2.75.2,Variant % BA.4,Variant % BA.4.6,Variant % BA.5,Variant % BA.5.2.6,Variant % BF.11,Variant % BF.7,Variant % BN.1,Variant % BQ.1,Variant % BQ.1.1,Variant % CH.1.1,Variant % Other,Variant % P.1,Variant % P.2,Variant % R.1,Variant % XBB,Variant % XBB.1.5,cutoff,t0.lm,r.lm,shifted_log_rolled_cases
6085,Santa Clara,California,2020-03-12,6,3.69244452027843,0,3.69244452027843,37.220695,-121.69051,1291.0851176,1922200,665365,635525,149850,49598,52451,157687,246908,432684,151779,39585,1306288,162853,144578,19043,51170,32645,35944,7.9,0.2,4.8,0.2,52451,361,11.9,0.3,12.8,0,22.5,0,7.9,0.1,6.2,0.2,68,0,9,0.2,21.7,0.3,2.9,0.1,8.1,0.2,5.1,0.2,1.9,0.1,0.078,0.3838,0.0067,0.4852,0.9537,0.1933,0.0952,0.5151,0.015,0.1936,0.8189,0.0255,0.9612,0.9691,1.9303,0.9815,0.9825,0.1152,0.9777,0.389,0.4728,2.9372,0.731,6.6401,0.3557,0,0,0,0,0,0,0,0,0,0,1,1,2,1,0,1,0,0,2,4,91726,4.8,0.1,1782410,10,0,0,0,0,0,0,0,0,0,44156,0,0,0,0,0,0,1,0,0,0,0,0,1,0,0,0,1,0,0,0,0,0,0,0,0,0,0,0,0,0,0,0,0,0,0,0,0,0,0,0,0,0,0,0,0,0,0,0,0,,,,,,,,,,,,,,,,,,,,,2,2,0,0,0,0,0,0,0,0,0,0,0,0,0,0,1,0,0,0,0,1,1,0,0,0,0,0,0,0,0,0,0,0,0,0,0,0,0,0,0,0,0,0,0,0,0,0,0,0,0,0,0,0,0,0,0,10,0,0,10,0,0,0,0,0,0,1,0,0,0,0,0,0,0,1,1,0,1,1,1,1,0,1,1,3,0,0,0,0,1,0,0,0,0,0,0,0,0,0,2,0,1,0,1,1,0,0,450,1050,26,26,26,0,0,0,,,,0,0,0,0,1125,2,225,0,6900,7000,1.5,6.2,282.35,1,1,1,0,1,1,1,0,0,0,2,2,0,1,1,0,0,0,0,0,0,0,1,241.65,39557045,163695,151278,5.5,12.8,33.3,268818,356.2,1,1,0,0,0,1,0,0,0,0,0,0,0,12,12,12,12,13,13,13,13,13,14,1,4,,0,,,,,0,,,916,0,,,,,,202,202,0,0,,,,,,,,0,1118,0,,,,,,0,1118,0,0.188,0,0,9,0,0,0,0,0.0604039647385031,0,0,0.00397363300651019,0,0,0.350052501819441,0.033221482859312,0.0227419656953737,0,0.126316337365847,0.102752811058393,0,0,0,0,0.0503346355594546,0,0,0,0,0,0,0,0,0,0,0,0,0,0,0,0,0,0,0,0,0,0,0,0,0.238281768877636,0,0.00397363300651019,0.00794726601301938,0,0,52,30.3437177734011,0.178756490629456,0
6085,Santa Clara,California,2020-03-13,6,3.87120101090789,1,3.69244452027843,37.220695,-121.69051,1291.0851176,1922200,665365,635525,149850,49598,52451,157687,246908,432684,151779,39585,1306288,162853,144578,19043,51170,32645,35944,7.9,0.2,4.8,0.2,52451,361,11.9,0.3,12.8,0,22.5,0,7.9,0.1,6.2,0.2,68,0,9,0.2,21.7,0.3,2.9,0.1,8.1,0.2,5.1,0.2,1.9,0.1,0.078,0.3838,0.0067,0.4852,0.9537,0.1933,0.0952,0.5151,0.015,0.1936,0.8189,0.0255,0.9612,0.9691,1.9303,0.9815,0.9825,0.1152,0.9777,0.389,0.4728,2.9372,0.731,6.6401,0.3557,0,0,0,0,0,0,0,0,0,0,1,1,2,1,0,1,0,0,2,4,91726,4.8,0.1,1782410,10,0,0,0,0,0,0,0,0,0,44156,0,0,0,0,0,0,1,0,0,0,0,0,1,0,0,0,1,0,0,0,0,0,0,0,0,0,0,0,0,0,0,0,0,0,0,0,0,0,0,0,0,0,0,0,0,0,0,0,0,,,,,,,,,,,,,,,,,,,,,2,2,0,0,0,0,0,0,0,0,0,0,0,0,0,0,1,0,0,0,0,1,1,0,0,0,0,0,0,0,0,0,0,0,0,0,0,0,0,0,0,0,0,0,0,0,0,0,0,0,0,0,0,0,0,0,0,10,0,0,10,0,0,0,0,0,0,1,0,0,0,0,0,0,0,1,1,0,1,1,1,1,0,1,1,3,0,0,0,0,1,0,0,0,0,0,0,0,0,0,2,0,1,0,1,1,0,0,450,1050,26,26,26,0,0,0,,,,0,0,0,0,1125,2,225,0,6900,7000,1.5,6.2,282.35,1,1,1,0,1,1,1,0,0,0,2,2,0,1,1,0,0,0,0,0,0,0,1,241.65,39557045,163695,151278,5.5,12.8,33.3,268818,356.2,1,1,0,0,0,1,0,0,0,0,0,0,0,12,12,12,12,13,13,13,13,13,14,1,4,,0,,,,,0,,,916,0,,,,,,202,202,0,0,,,,,,,,0,1118,0,,,,,,0,1118,0,0.188,0,0,9,0,0,0,0,0.0604039647385031,0,0,0.00397363300651019,0,0,0.350052501819441,0.033221482859312,0.0227419656953737,0,0.126316337365847,0.102752811058393,0,0,0,0,0.0503346355594546,0,0,0,0,0,0,0,0,0,0,0,0,0,0,0,0,0,0,0,0,0,0,0,0,0.238281768877636,0,0.00397363300651019,0.00794726601301938,0,0,52,30.3437177734011,0.178756490629456,0.178756490629457
25017,Middlesex,Massachusetts,2020-03-13,25,3.45225255246244,1,3.14168618617707,42.481718,-71.394916,817.8401031,1595192,632582,600032,122070,38575,49669,76765,234069,321214,146099,35341,438354,61303,120397,2354,11212,63306,58705,7.9,0.2,4.2,0.2,49669,376,6.9,0.2,14.7,0.1,20.1,0,9.2,0.2,5.9,0.2,27.5,0.1,4.1,0.2,19,0.3,0.4,0.1,1.9,0.1,10.6,0.2,3.7,0.1,0.078,0.2745,0.0086,0.1165,0.4776,0.051,0.1917,0.2254,0.0385,0.1573,0.6129,0.0137,0.6616,0.8943,1.5559,0.8341,0.9745,0.0137,0.4817,0.9261,0.7335,3.1295,0.8195,5.7759,0.2264,0,0,0,0,0,0,0,0,0,0,0,0,0,1,0,0,1,0,2,2,40992,2.6,0.2,1543265,4,0,0,0,0,0,0,0,0,0,44141,0,0,0,0,1,0,0,0,0,0,0,0,1,0,0,0,1,0,0,1,0,0,0,0,0,0,0,0,0,0,0,0,0,0,0,0,0,0,0,0,0,0,0,0,0,0,0,0,0,1,1,1,1,1,1,1,1,1,1,1,2,2,2,2,3,2,2,2,2,2,3,0,0,0,0,0,0,0,0,0,0,0,0,0,0,0,0,1,1,0,0,1,1,0,0,,0,0,0,0,0,0,1,0,0,,0,0,0,0,0,0,0,0,0,,0,0,0,0,0,0,0,0,0,0,0,0,0,0,0,0,0,0,0,0,1,0,3,0,0,2,1,0,0,1,1,1,1,0,1,1,1,1,2,0,0,0,0,0,0,1,0,0,0,0,0,0,0,0,0,1,0,1,0,0,0,823,1423,26,26,26,0,0,0,,,,0,0,0,0,5100,1,0,0,31200,15000,0.94,14.37,396.96,3,0,0,0,1,0,1,0,1,1,0,0,0,5,1,0,0,0,0,0,0,0,1,653.98,6902149,10554,18471,4.8,10,34.6,59152,626.6,1,1,0,0,0,0,1,44132,0,0,0,0,0,12,12,12,12,12.75,12.75,12.75,12.75,4.95,13.5,0,,,0,,,,,0,,,92,92,,,,,,123,123,28,0,,,,,234,,,0,2101,985,,,,,,0,2101,985,0.294,0,0,1,0,0,0,0,0.215363425063257,0,0,0,0,0,0.286312307987997,0.0314399893769907,0.0761624713299089,0,0,0.0016827607531008,0,0,0,0,0.0517873272696608,0,0,0,0,0,0,0,0,0,0,0,0,0,0,0,0,0,0,0,0,0,0,0,0,0.337251718219084,0,0,0,0,0,52,40.8840102237915,0.310566366285373,0.310566366285372
25017,Middlesex,Massachusetts,2020-03-12,25,3.14168618617707,0,3.14168618617707,42.481718,-71.394916,817.8401031,1595192,632582,600032,122070,38575,49669,76765,234069,321214,146099,35341,438354,61303,120397,2354,11212,63306,58705,7.9,0.2,4.2,0.2,49669,376,6.9,0.2,14.7,0.1,20.1,0,9.2,0.2,5.9,0.2,27.5,0.1,4.1,0.2,19,0.3,0.4,0.1,1.9,0.1,10.6,0.2,3.7,0.1,0.078,0.2745,0.0086,0.1165,0.4776,0.051,0.1917,0.2254,0.0385,0.1573,0.6129,0.0137,0.6616,0.8943,1.5559,0.8341,0.9745,0.0137,0.4817,0.9261,0.7335,3.1295,0.8195,5.7759,0.2264,0,0,0,0,0,0,0,0,0,0,0,0,0,1,0,0,1,0,2,2,40992,2.6,0.2,1543265,4,0,0,0,0,0,0,0,0,0,44141,0,0,0,0,1,0,0,0,0,0,0,0,1,0,0,0,1,0,0,1,0,0,0,0,0,0,0,0,0,0,0,0,0,0,0,0,0,0,0,0,0,0,0,0,0,0,0,0,0,1,1,1,1,1,1,1,1,1,1,1,2,2,2,2,3,2,2,2,2,2,3,0,0,0,0,0,0,0,0,0,0,0,0,0,0,0,0,1,1,0,0,1,1,0,0,,0,0,0,0,0,0,1,0,0,,0,0,0,0,0,0,0,0,0,,0,0,0,0,0,0,0,0,0,0,0,0,0,0,0,0,0,0,0,0,1,0,3,0,0,2,1,0,0,1,1,1,1,0,1,1,1,1,2,0,0,0,0,0,0,1,0,0,0,0,0,0,0,0,0,1,0,1,0,0,0,823,1423,26,26,26,0,0,0,,,,0,0,0,0,5100,1,0,0,31200,15000,0.94,14.37,396.96,3,0,0,0,1,0,1,0,1,1,0,0,0,5,1,0,0,0,0,0,0,0,1,653.98,6902149,10554,18471,4.8,10,34.6,59152,626.6,1,1,0,0,0,0,1,44132,0,0,0,0,0,12,12,12,12,12.75,12.75,12.75,12.75,4.95,13.5,0,,,0,,,,,0,,,92,92,,,,,,123,123,28,0,,,,,234,,,0,2101,985,,,,,,0,2101,985,0.294,0,0,1,0,0,0,0,0.215363425063257,0,0,0,0,0,0.286312307987997,0.0314399893769907,0.0761624713299089,0,0,0.0016827607531008,0,0,0,0,0.0517873272696608,0,0,0,0,0,0,0,0,0,0,0,0,0,0,0,0,0,0,0,0,0,0,0,0,0.337251718219084,0,0,0,0,0,52,40.8840102237915,0.310566366285373,0
36119,Westchester,New York,2020-03-13,36,4.71081637512308,1,4.53719720240189,41.152686,-73.745753,430.5678079,968815,373942,347332,87214,29722,54572,81329,158902,217100,89947,26493,445341,57741,105302,525,14214,50391,26182,9.2,0.4,5.8,0.3,54572,583,12.2,0.3,16.4,0.1,22.4,0,9.4,0.2,7.6,0.4,46,0.1,6.3,0.2,28.2,0.4,0.1,0.1,4.1,0.3,14.5,0.4,2.7,0.1,0.1392,0.5481,0.0041,0.5056,1.197,0.264,0.3298,0.504,0.0423,0.3961,1.2722,0.0853,0.8561,0.9417,1.7978,0.9392,0.9924,0.0022,0.8828,0.9803,0.625,3.4827,0.9386,7.7497,0.5516,0,0,0,0,0,0,0,0,0,0,0,1,1,1,0,0,1,0,2,3,64712,6.8,0.3,885863,7,0,0,0,0,1,0,0,0,0,44148,0,1,0,0,1,0,0,0,0,0,0,0,1,0,0,0,1,0,0,1,0,0,0,0,0,0,0,0,0,0,0,0,0,0,0,0,0,0,0,0,0,0,0,0,0,0,0,0,0,,,,,,,,,,,,,,2,,,,2,,2,2,2,0,0,0,0,0,0,0,0,0,0,0,0,0,0,0,0,1,1,1,1,1,0,0,0,0,0,0,0,0,0,0,0,0,0,0,0,0,0,0,0,,0,0,0,,0,0,0,0,0,0,0,0,0,0,0,,0,0,,0,0,0,0,0,1,0,0,0,0,13,0,0,0,0,0,1,1,0,0,0,0,0,0,0,0,0,0,1,0,0,0,0,0,0,0,0,0,2,0,0,0,0,0,0,0,504,1104,26,26,26,0,0,0,,,,0,0,0,0,3900,2,1300,0,11250,11600,0,6.9,333.83,2,1,1,0,0,1,1,0,1,1,0,0,1,1,1,0,0,0,0,0,0,0,1,358.21,19542209,54555,92091,5,13.6,36.9,157183,291.1,1,1,0,0,0,0,2,44131,0,0,0,0,1,11.1,11.1,11.1,11.1,11.8,11.8,11.8,11.8,7.85,12.5,0,,,0,,,,,0,,,,0,,,,,,353,,102,0,,,,,,,2836,762,2836,762,,,,,,0,,0,0.117,0,0,2,0,0,0,0,0.0607771577715025,0,0,0.00867403581244529,0,0.00822644311273988,0.286934257622563,0.007337418412184,0.108967945385605,0,0.00867403581244529,0.00867403581244529,0,0.00145920692555297,0,0,0.0513942094571673,0,0,0,0,0,0,0,0,0,0,0,0,0,0,0,0,0,0,0,0,0,0,0,0,0.445212544669257,0,0,0.003668709206092,0,0,52,24.8669575986979,0.173619172721191,0.173619172721192
36119,Westchester,New York,2020-03-12,36,4.53719720240189,0,4.53719720240189,41.152686,-73.745753,430.5678079,968815,373942,347332,87214,29722,54572,81329,158902,217100,89947,26493,445341,57741,105302,525,14214,50391,26182,9.2,0.4,5.8,0.3,54572,583,12.2,0.3,16.4,0.1,22.4,0,9.4,0.2,7.6,0.4,46,0.1,6.3,0.2,28.2,0.4,0.1,0.1,4.1,0.3,14.5,0.4,2.7,0.1,0.1392,0.5481,0.0041,0.5056,1.197,0.264,0.3298,0.504,0.0423,0.3961,1.2722,0.0853,0.8561,0.9417,1.7978,0.9392,0.9924,0.0022,0.8828,0.9803,0.625,3.4827,0.9386,7.7497,0.5516,0,0,0,0,0,0,0,0,0,0,0,1,1,1,0,0,1,0,2,3,64712,6.8,0.3,885863,7,0,0,0,0,1,0,0,0,0,44148,0,1,0,0,1,0,0,0,0,0,0,0,1,0,0,0,1,0,0,1,0,0,0,0,0,0,0,0,0,0,0,0,0,0,0,0,0,0,0,0,0,0,0,0,0,0,0,0,0,,,,,,,,,,,,,,2,,,,2,,2,2,2,0,0,0,0,0,0,0,0,0,0,0,0,0,0,0,0,1,1,1,1,1,0,0,0,0,0,0,0,0,0,0,0,0,0,0,0,0,0,0,0,,0,0,0,,0,0,0,0,0,0,0,0,0,0,0,,0,0,,0,0,0,0,0,1,0,0,0,0,13,0,0,0,0,0,1,1,0,0,0,0,0,0,0,0,0,0,1,0,0,0,0,0,0,0,0,0,2,0,0,0,0,0,0,0,504,1104,26,26,26,0,0,0,,,,0,0,0,0,3900,2,1300,0,11250,11600,0,6.9,333.83,2,1,1,0,0,1,1,0,1,1,0,0,1,1,1,0,0,0,0,0,0,0,1,358.21,19542209,54555,92091,5,13.6,36.9,157183,291.1,1,1,0,0,0,0,2,44131,0,0,0,0,1,11.1,11.1,11.1,11.1,11.8,11.8,11.8,11.8,7.85,12.5,0,,,0,,,,,0,,,,0,,,,,,353,,102,0,,,,,,,2836,762,2836,762,,,,,,0,,0,0.117,0,0,2,0,0,0,0,0.0607771577715025,0,0,0.00867403581244529,0,0.00822644311273988,0.286934257622563,0.007337418412184,0.108967945385605,0,0.00867403581244529,0.00867403581244529,0,0.00145920692555297,0,0,0.0513942094571673,0,0,0,0,0,0,0,0,0,0,0,0,0,0,0,0,0,0,0,0,0,0,0,0,0.445212544669257,0,0,0.003668709206092,0,0,52,24.8669575986979,0.173619172721191,0
53033,King,Washington,2020-03-13,53,5.22881416078107,1,4.99721227376412,47.490599,-121.833996,2115.298789,2163257,917904,865627,203702,55432,49298,108078,274609,445378,205142,53739,855746,94471,256076,17434,31712,87191,36590,9.5,0.2,4.5,0.1,49298,320,7,0.2,12.7,0,20.6,0,9.5,0.1,6.2,0.2,39.6,0,4.6,0.1,27.9,0.3,1.9,0.1,3.7,0.2,10.1,0.2,1.7,0.1,0.1551,0.3299,0.0089,0.1223,0.6162,0.0885,0.0914,0.2748,0.0478,0.1936,0.6076,0.0134,0.7975,0.908,1.7055,0.9048,0.9914,0.0716,0.8551,0.9096,0.4126,3.2403,0.8666,6.1696,0.2854,0,0,0,0,0,0,0,0,0,0,0,1,1,1,0,0,1,0,2,3,122097,5.7,0.1,2094615,14,0,0,0,0,0,0,0,0,0,0,0,0,0,0,1,1,0,0,0,0,0,0,1,0,0,0,1,0,0,0,0,0,0,0,0,0,0,0,0,0,0,0,0,0,0,0,0,0,0,0,0,0,0,0,0,0,0,0,0,,,,,,,,,,,,,,2,,2,,,,,2,2,0,0,0,0,0,0,0,0,0,0,0,0,0,0,1,0,0,0,1,1,0,0,0,0,0,0,0,0,0,0,0,0,0,0,0,0,0,0,0,0,0,0,0,0,0,0,0,0,0,0,0,14,0,0,0,0,0,0,0,0,0,0,0,0,0,1,0,4,0,0,0,1,0,0,1,1,1,1,0,1,1,1,1,1,0,0,0,0,0,1,0,0,0,0,0,0,0,0,0,1,1,1,1,0,0,0,790,1390,26,26,26,0,0,0,6.2,155,138,0,0,0,0,,2,1,0,15584.42,52700,0,5.4,402.28,1,1,0,1,1,1,0,0,0,0,2,1,0,1,1,0,0,0,0,0,0,0,1,105.69,7535591,71298,21577,4.3,10.3,35.1,56877,373.3,1,1,0,0,1,0,0,0,0,0,0,0,0,12,12,12,12,13.5,13.5,13.5,13.5,13.5,13.69,0,47,,3,,,,,0,,,,0,,,,,,648,648,133,0,,,,,,,15940,4326,15940,4326,,,,,15603,4234,,0,0,0,0,10,0,0,0,0,0.0117691716068939,0,0,0,0,0,0.479574553079584,0.0116454956963481,0.0346361281131856,0,0.0200957130997233,0.0402417325187933,0,0,0,0,0.0236355155469488,0,0,0,0,0,0,0,0,0,0,0,0,0,0,0,0,0,0,0,0,0,0,0,0,0.378401690338523,0,0,0,0,0,52,29.4232661567289,0.231601887016952,0.231601887016951
53033,King,Washington,2020-03-12,53,4.99721227376412,0,4.99721227376412,47.490599,-121.833996,2115.298789,2163257,917904,865627,203702,55432,49298,108078,274609,445378,205142,53739,855746,94471,256076,17434,31712,87191,36590,9.5,0.2,4.5,0.1,49298,320,7,0.2,12.7,0,20.6,0,9.5,0.1,6.2,0.2,39.6,0,4.6,0.1,27.9,0.3,1.9,0.1,3.7,0.2,10.1,0.2,1.7,0.1,0.1551,0.3299,0.0089,0.1223,0.6162,0.0885,0.0914,0.2748,0.0478,0.1936,0.6076,0.0134,0.7975,0.908,1.7055,0.9048,0.9914,0.0716,0.8551,0.9096,0.4126,3.2403,0.8666,6.1696,0.2854,0,0,0,0,0,0,0,0,0,0,0,1,1,1,0,0,1,0,2,3,122097,5.7,0.1,2094615,14,0,0,0,0,0,0,0,0,0,0,0,0,0,0,1,1,0,0,0,0,0,0,1,0,0,0,1,0,0,0,0,0,0,0,0,0,0,0,0,0,0,0,0,0,0,0,0,0,0,0,0,0,0,0,0,0,0,0,0,,,,,,,,,,,,,,2,,2,,,,,2,2,0,0,0,0,0,0,0,0,0,0,0,0,0,0,1,0,0,0,1,1,0,0,0,0,0,0,0,0,0,0,0,0,0,0,0,0,0,0,0,0,0,0,0,0,0,0,0,0,0,0,0,14,0,0,0,0,0,0,0,0,0,0,0,0,0,1,0,4,0,0,0,1,0,0,1,1,1,1,0,1,1,1,1,1,0,0,0,0,0,1,0,0,0,0,0,0,0,0,0,1,1,1,1,0,0,0,790,1390,26,26,26,0,0,0,6.2,155,138,0,0,0,0,,2,1,0,15584.42,52700,0,5.4,402.28,1,1,0,1,1,1,0,0,0,0,2,1,0,1,1,0,0,0,0,0,0,0,1,105.69,7535591,71298,21577,4.3,10.3,35.1,56877,373.3,1,1,0,0,1,0,0,0,0,0,0,0,0,12,12,12,12,13.5,13.5,13.5,13.5,13.5,13.69,0,47,,3,,,,,0,,,,0,,,,,,648,648,133,0,,,,,,,15940,4326,15940,4326,,,,,15603,4234,,0,0,0,0,10,0,0,0,0,0.0117691716068939,0,0,0,0,0,0.479574553079584,0.0116454956963481,0.0346361281131856,0,0.0200957130997233,0.0402417325187933,0,0,0,0,0.0236355155469488,0,0,0,0,0,0,0,0,0,0,0,0,0,0,0,0,0,0,0,0,0,0,0,0,0.378401690338523,0,0,0,0,0,52,29.4232661567289,0.231601887016952,0
53061,Snohomish,Washington,2020-03-13,53,4.20469261939097,1,3.9262076404201,48.070464,-121.936784,2086.5178232,786620,306420,289737,62597,19216,37671,42223,99868,180294,90402,22600,233415,25835,45089,14763,8860,14096,10931,8.1,0.4,4.6,0.2,37671,315,7.8,0.3,12.7,0.1,22.9,0,11.6,0.3,7.8,0.4,29.7,0.1,3.5,0.2,14.7,0.4,4.8,0.2,3.1,0.2,4.9,0.3,1.4,0.1,0.0838,0.3487,0.0608,0.1831,0.6764,0.1045,0.0914,0.5715,0.1585,0.433,1.2544,0.0799,0.6899,0.8685,1.5584,0.8367,0.9468,0.2194,0.7803,0.3572,0.3018,2.6055,0.5527,6.0947,0.2755,0,0,0,0,0,0,0,0,0,0,0,0,0,1,0,0,0,0,1,1,50134,6.5,0.3,632469,14,0,0,0,0,0,0,0,0,0,0,0,0,0,0,1,1,0,0,0,0,0,0,1,0,0,0,1,0,0,0,0,0,0,0,0,0,0,0,0,0,0,0,0,0,0,0,0,0,0,0,0,0,0,0,0,0,0,0,0,,,,,,,,,,,,,,2,,2,,,,,2,2,0,0,0,0,0,0,0,0,0,0,0,0,0,0,1,0,0,0,1,1,0,0,0,0,0,0,0,0,0,0,0,0,0,0,0,0,0,0,0,0,0,0,0,0,0,0,0,0,0,0,0,14,0,0,0,0,0,0,0,0,0,0,0,0,0,1,0,4,0,0,0,1,0,0,1,1,1,1,0,1,1,1,1,1,0,0,0,0,0,1,0,0,0,0,0,0,0,0,0,1,1,1,1,0,0,0,790,1390,26,26,26,0,0,0,6.2,155,138,0,0,0,0,,2,1,0,15584.42,52700,0,5.4,402.28,1,1,0,1,1,1,0,0,0,0,2,1,0,1,1,0,0,0,0,0,0,0,1,105.69,7535591,71298,21577,4.3,10.3,35.1,56877,373.3,1,1,0,0,1,0,0,0,0,0,0,0,0,12,12,12,12,13.5,13.5,13.5,13.5,13.5,13.69,0,47,,3,,,,,0,,,,0,,,,,,648,648,133,0,,,,,,,15940,4326,15940,4326,,,,,15603,4234,,0,0,0,0,10,0,0,0,0,0.0117691716068939,0,0,0,0,0,0.479574553079584,0.0116454956963481,0.0346361281131856,0,0.0200957130997233,0.0402417325187933,0,0,0,0,0.0236355155469488,0,0,0,0,0,0,0,0,0,0,0,0,0,0,0,0,0,0,0,0,0,0,0,0,0.378401690338523,0,0,0,0,0,52,36.9015460908186,0.278484978970865,0.278484978970864
53061,Snohomish,Washington,2020-03-12,53,3.9262076404201,0,3.9262076404201,48.070464,-121.936784,2086.5178232,786620,306420,289737,62597,19216,37671,42223,99868,180294,90402,22600,233415,25835,45089,14763,8860,14096,10931,8.1,0.4,4.6,0.2,37671,315,7.8,0.3,12.7,0.1,22.9,0,11.6,0.3,7.8,0.4,29.7,0.1,3.5,0.2,14.7,0.4,4.8,0.2,3.1,0.2,4.9,0.3,1.4,0.1,0.0838,0.3487,0.0608,0.1831,0.6764,0.1045,0.0914,0.5715,0.1585,0.433,1.2544,0.0799,0.6899,0.8685,1.5584,0.8367,0.9468,0.2194,0.7803,0.3572,0.3018,2.6055,0.5527,6.0947,0.2755,0,0,0,0,0,0,0,0,0,0,0,0,0,1,0,0,0,0,1,1,50134,6.5,0.3,632469,14,0,0,0,0,0,0,0,0,0,0,0,0,0,0,1,1,0,0,0,0,0,0,1,0,0,0,1,0,0,0,0,0,0,0,0,0,0,0,0,0,0,0,0,0,0,0,0,0,0,0,0,0,0,0,0,0,0,0,0,,,,,,,,,,,,,,2,,2,,,,,2,2,0,0,0,0,0,0,0,0,0,0,0,0,0,0,1,0,0,0,1,1,0,0,0,0,0,0,0,0,0,0,0,0,0,0,0,0,0,0,0,0,0,0,0,0,0,0,0,0,0,0,0,14,0,0,0,0,0,0,0,0,0,0,0,0,0,1,0,4,0,0,0,1,0,0,1,1,1,1,0,1,1,1,1,1,0,0,0,0,0,1,0,0,0,0,0,0,0,0,0,1,1,1,1,0,0,0,790,1390,26,26,26,0,0,0,6.2,155,138,0,0,0,0,,2,1,0,15584.42,52700,0,5.4,402.28,1,1,0,1,1,1,0,0,0,0,2,1,0,1,1,0,0,0,0,0,0,0,1,105.69,7535591,71298,21577,4.3,10.3,35.1,56877,373.3,1,1,0,0,1,0,0,0,0,0,0,0,0,12,12,12,12,13.5,13.5,13.5,13.5,13.5,13.69,0,47,,3,,,,,0,,,,0,,,,,,648,648,133,0,,,,,,,15940,4326,15940,4326,,,,,15603,4234,,0,0,0,0,10,0,0,0,0,0.0117691716068939,0,0,0,0,0,0.479574553079584,0.0116454956963481,0.0346361281131856,0,0.0200957130997233,0.0402417325187933,0,0,0,0,0.0236355155469488,0,0,0,0,0,0,0,0,0,0,0,0,0,0,0,0,0,0,0,0,0,0,0,0,0.378401690338523,0,0,0,0,0,52,36.9015460908186,0.278484978970865,0
99999,New York City,New York,2020-03-13,36,4.00992722040952,1,3.5179216559703,40.658566,-73.95064,57.5186516,1632480,855716,758133,295165,70250,31984,258956,257362,361080,209900,60827,1303998,210911,358674,732,61715,292462,40893,16.6,0.4,6.2,0.2,31984,267,18.4,0.3,14.8,0.1,22,0,10.2,0.2,7.8,0.2,63.8,0,12,0.2,40.9,0.4,0.1,0.1,9.5,0.3,55.8,0.4,1.6,0.1,0.6258,0.6207,0.1736,0.7883,2.0319,0.5223,0.1974,0.4502,0.0755,0.433,1.198,0.0697,0.943,0.9847,1.9277,0.9799,0.9981,0.0022,0.9863,0.9981,0.3792,3.3665,0.9096,8.124,0.6201,0,0,0,0,0,0,0,0,0,0,1,1,2,1,0,1,1,0,3,5,136920,8.2,0.2,1164366,7,0,0,0,0,1,0,0,0,0,44148,0,1,0,0,1,0,0,0,0,0,0,0,1,0,0,0,1,0,0,1,0,0,0,0,0,0,0,0,0,0,0,0,0,0,0,0,0,0,0,0,0,0,0,0,0,0,0,0,0,,,,,,,,,,,,,,2,,,,2,,2,2,2,0,0,0,0,0,0,0,0,0,0,0,0,0,0,0,0,1,1,1,1,1,0,0,0,0,0,0,0,0,0,0,0,0,0,0,0,0,0,0,0,,0,0,0,,0,0,0,0,0,0,0,0,0,0,0,,0,0,,0,0,0,0,0,1,0,0,0,0,13,0,0,0,0,0,1,1,0,0,0,0,0,0,0,0,0,0,1,0,0,0,0,0,0,0,0,0,2,0,0,0,0,0,0,0,504,1104,26,26,26,0,0,0,,,,0,0,0,0,3900,2,1300,0,11250,11600,0,6.9,333.83,2,1,1,0,0,1,1,0,1,1,0,0,1,1,1,0,0,0,0,0,0,0,1,358.21,19542209,54555,92091,5,13.6,36.9,157183,291.1,1,1,0,0,0,0,2,44131,0,0,0,0,1,11.1,11.1,11.1,11.1,11.8,11.8,11.8,11.8,7.85,12.5,0,,,0,,,,,0,,,,0,,,,,,353,,102,0,,,,,,,2836,762,2836,762,,,,,,0,,0,,,,2,0,0,0,0,0.0607771577715025,0,0,0.00867403581244529,0,0.00822644311273988,0.286934257622563,0.007337418412184,0.108967945385605,0,0.00867403581244529,0.00867403581244529,0,0.00145920692555297,0,0,0.0513942094571673,0,0,0,0,0,0,0,0,0,0,0,0,0,0,0,0,0,0,0,0,0,0,0,0,0.445212544669257,0,0,0.003668709206092,0,0,52,43.8498335989758,0.492005564439226,0.492005564439222
99999,New York City,New York,2020-03-12,36,3.5179216559703,0,3.5179216559703,40.658566,-73.95064,57.5186516,1632480,855716,758133,295165,70250,31984,258956,257362,361080,209900,60827,1303998,210911,358674,732,61715,292462,40893,16.6,0.4,6.2,0.2,31984,267,18.4,0.3,14.8,0.1,22,0,10.2,0.2,7.8,0.2,63.8,0,12,0.2,40.9,0.4,0.1,0.1,9.5,0.3,55.8,0.4,1.6,0.1,0.6258,0.6207,0.1736,0.7883,2.0319,0.5223,0.1974,0.4502,0.0755,0.433,1.198,0.0697,0.943,0.9847,1.9277,0.9799,0.9981,0.0022,0.9863,0.9981,0.3792,3.3665,0.9096,8.124,0.6201,0,0,0,0,0,0,0,0,0,0,1,1,2,1,0,1,1,0,3,5,136920,8.2,0.2,1164366,7,0,0,0,0,1,0,0,0,0,44148,0,1,0,0,1,0,0,0,0,0,0,0,1,0,0,0,1,0,0,1,0,0,0,0,0,0,0,0,0,0,0,0,0,0,0,0,0,0,0,0,0,0,0,0,0,0,0,0,0,,,,,,,,,,,,,,2,,,,2,,2,2,2,0,0,0,0,0,0,0,0,0,0,0,0,0,0,0,0,1,1,1,1,1,0,0,0,0,0,0,0,0,0,0,0,0,0,0,0,0,0,0,0,,0,0,0,,0,0,0,0,0,0,0,0,0,0,0,,0,0,,0,0,0,0,0,1,0,0,0,0,13,0,0,0,0,0,1,1,0,0,0,0,0,0,0,0,0,0,1,0,0,0,0,0,0,0,0,0,2,0,0,0,0,0,0,0,504,1104,26,26,26,0,0,0,,,,0,0,0,0,3900,2,1300,0,11250,11600,0,6.9,333.83,2,1,1,0,0,1,1,0,1,1,0,0,1,1,1,0,0,0,0,0,0,0,1,358.21,19542209,54555,92091,5,13.6,36.9,157183,291.1,1,1,0,0,0,0,2,44131,0,0,0,0,1,11.1,11.1,11.1,11.1,11.8,11.8,11.8,11.8,7.85,12.5,0,,,0,,,,,0,,,,0,,,,,,353,,102,0,,,,,,,2836,762,2836,762,,,,,,0,,0,,,,2,0,0,0,0,0.0607771577715025,0,0,0.00867403581244529,0,0.00822644311273988,0.286934257622563,0.007337418412184,0.108967945385605,0,0.00867403581244529,0.00867403581244529,0,0.00145920692555297,0,0,0.0513942094571673,0,0,0,0,0,0,0,0,0,0,0,0,0,0,0,0,0,0,0,0,0,0,0,0,0.445212544669257,0,0,0.003668709206092,0,0,52,43.8498335989758,0.492005564439226,0
