fips,datetime,State_FIPS_Code,log_rolled_cases.x,shifted_time,log_rolled_cases.y,county_x,state_x,LAT,LON,AREA_SQMI,E_TOTPOP,E_HU,E_HH,E_POV,E_UNEMP,E_PCI,E_NOHSDP,E_AGE65,E_AGE17,E_DISABL,E_SNGPNT,E_MINRTY,E_LIMENG,E_MUNIT,E_MOBILE,E_CROWD,E_NOVEH,E_GROUPQ,EP_POV,MP_POV,EP_UNEMP,MP_UNEMP,EP_PCI,MP_PCI,EP_NOHSDP,MP_NOHSDP,EP_AGE65,MP_AGE65,EP_AGE17,MP_AGE17,EP_DISABL,MP_DISABL,EP_SNGPNT,MP_SNGPNT,EP_MINRTY,MP_MINRTY,EP_LIMENG,MP_LIMENG,EP_MUNIT,MP_MUNIT,EP_MOBILE,MP_MOBILE,EP_CROWD,MP_CROWD,EP_NOVEH,MP_NOVEH,EP_GROUPQ,MP_GROUPQ,EPL_POV,EPL_UNEMP,EPL_PCI,EPL_NOHSDP,SPL_THEME1,RPL_THEME1,EPL_AGE65,EPL_AGE17,EPL_DISABL,EPL_SNGPNT,SPL_THEME2,RPL_THEME2,EPL_MINRTY,EPL_LIMENG,SPL_THEME3,RPL_THEME3,EPL_MUNIT,EPL_MOBILE,EPL_CROWD,EPL_NOVEH,EPL_GROUPQ,SPL_THEME4,RPL_THEME4,SPL_THEMES,RPL_THEMES,F_POV,F_UNEMP,F_PCI,F_NOHSDP,F_THEME1,F_AGE65,F_AGE17,F_DISABL,F_SNGPNT,F_THEME2,F_MINRTY,F_LIMENG,F_THEME3,F_MUNIT,F_MOBILE,F_CROWD,F_NOVEH,F_GROUPQ,F_THEME4,F_TOTAL,E_UNINSUR,EP_UNINSUR,MP_UNINSUR,E_DAYPOP,State_of_emergency_issued,State_of_emergency_lifted,Date_closed_K-12_public_schools,Closed_day_cares,Reopen_day_cares,Date_banned_visitors_to_nursing_homes,Stay_at_home/_shelter_in_place,Stay_at_home_order'_issued_but_did_not_specifically_restrict_movement_of_the_general_public,End/relax_stay_at_home/shelter_in_place,Closed_other_non-essential_businesses,Closed_businesses_overnight,Began_to_reopen_businesses,Religious_gatherings_exempt_without_clear_social_distance_mandate*,Face_mask_mandate_in_public_spaces,Face_mask_mandate_x2,Face_mask_mandate_enforced_by_fines,Face_mask_mandate_enforced_by_criminal_charge/citation,No_legal_enforcement_of_face_mask_mandate,Face_mask_mandate_for_employees_of_public-facing_businesses,Ended_face_mask_mandate,Ended_face_mask_mandate_x2,Attempted_to_prevent_local_governments_from_implementing_face_mask_orders,Banned_local_mask_mandates,Liquor_stores_remained_open,Allowed_restaurants_to_sell_takeout_alcohol,Allowed_restaurants_to_deliver_alcohol,Firearm_sellers_remained_open,Cannabis_dispensaries_considered_essential_business,Closed_restaurants_except_take_out,Reopen_restaurants,Initially_reopen_restaurants_for_outdoor_dining_only,Closed_gyms,Reopened_gyms,Closed_movie_theaters,Reopened_movie_theaters,Closed_Bars,Reopen_bars,Reopened_hair_salons/barber_shops,Reopened_religious_gatherings,Reopened_other_non-essential_retail,Allowed_businesses_to_reopen_overnight,Began_to_reclose_bars,Closed_bars_(x2),Closed_movie_theaters_(x2),Closed_hair_salons/barber_shops_(x2),Closed_gyms_(x2),Closed_restaurants_(x2),Reopened_restaurants_(x2),Reopened_bars_(x2),Reopened_gyms_(x2),Reopened_hair_salons/barber_shops_(x2),Reopened_movie_theaters_(x2),Closed_bars_(x3),Closed_restaurants_(x3),Reopened_bars_(x3),Reopened_restaurants_(x3),Mandate_quarantine_for_those_entering_the_state_from_specific_settings,Mandate_quarantine_for_all_individuals_entering_the_state,Date_all_mandated_quarantines_ended,Date_vaccine_allocation_plan_last_updated,Vaccine_allocation_phase:_Frontline_Healthcare_Workers,Vaccine_allocation_phase:_Healthcare_Service_Workers,Vaccine_allocation_phase:_Home_Healthcare_Workers,Vaccine_allocation_phase:_Additional_Healthcare_Workers,Vaccine_allocation_phase:_Long-term_Care_Residents,Vaccine_allocation_phase:_EMS_Providers,Vaccine_allocation_phase:_Firefighters,Vaccine_allocation_phase:_Law_Enforcement_&_Public_Safety_Personnel,Vaccine_allocation_phase:_Correctional_Staff,Vaccine_allocation_phase:_People_who_are_Incarcerated,Vaccine_allocation_phase:_Residents_of_Homeless_Shelters,Vaccine_allocation_phase:_Adults_Ages_75+,Vaccine_allocation_phase:_Adults_Ages_65+,Vaccine_allocation_phase:_Adults_w/_High-Risk_Medical_Conditions,Vaccine_allocation_phase:_Pre-K-12_School_Employees,Vaccine_allocation_phase:_Higher_Education_Employees,Vaccine_allocation_phase:_Public_Transit_Workers,Vaccine_allocation_phase:_Food_Supply_Workers,Vaccine_allocation_phase:_Grocery_Store_Workers,Vaccine_allocation_phase:_Frontline_Essential_Workers,Vaccine_allocation_phase:_Additional_Essential_Workers,Vaccine_allocation_phase:_General_Public,Date_adults_ages_80+_became_eligible_for_COVID-19_vaccination,Date_adults_ages_75+_became_eligible_for_COVID-19_vaccination,Date_adults_ages_70+_became_eligible_for_COVID-19_vaccination,Date_adults_ages_65+_became_eligible_for_COVID-19_vaccination,Date_adults_ages_60+_became_eligible_for_COVID-19_vaccination,Date_adults_ages_55+_became_eligible_for_COVID-19_vaccination,Date_adults_ages_50+_became_eligible_for_COVID-19_vaccination,Date_adults_ages_45+_became_eligible_for_COVID-19_vaccination,Date_adults_ages_40+_became_eligible_for_COVID-19_vaccination,Date_adults_ages_30+_became_eligible_for_COVID-19_vaccination,Date_K-12_school_employees_became_eligible_for_COVID-19_vaccination,Date_grocery_store_workers_became_eligible_for_COVID-19_vaccination,Date_incarcerated_people_became_eligible_for_COVID-19_vaccination,Date_general_public_became_eligible_for_COVID-19_vaccination,Adults_ages_65+_prioritized_ahead_of_essential_workers,Prioritization_by_race/ethnicity,Proof_of_work_eligibility_requirement_for_vaccination,Proof_of_age_eligibility_requirement_for_vaccination,Proof_of_residency_requirement_for_vaccination,Penalty_for_failure_to_comply_with_vaccine_distribution_requirements,Expanded_scope_of_practice_of_certain_health_providers_to_administer_vaccines,First_overall_eviction_moratorium_start,First_overall_eviction_moratorium_end,Second_overall_eviction_moratorium_start,Second_overall_eviction_moratorium_end,Third_overall_eviction_moratorium_start,Third_overall_eviction_moratorium_end,First_eviction_initiation_ban_start,First_eviction_initiation_ban_end,Second_Eviction_Initiation_Ban_Start,Second_Eviction_Initiation_Ban_End,First_eviction_hearing_ban_start,First_eviction_hearing_ban_end,Second_Eviction_Hearing_Ban_Start,Second_Eviction_Hearing_Ban_End,First_eviction_enforcement_ban_start,First_eviction_enforcement_ban_end,Second_Eviction_Enforcement_Ban_Start,Second_Eviction_Enforcement_Ban_End,COVID-19_hardship_limitation_start,COVID-19_hardship_limitation_end,Second_COVID-19_hardship_limitation_start,Second_COVID-19_hardship_limitation_end,Non-payment_limitation_start,Non-payment_limitation_end,Second_non-payment_limitation_start,Second_non-payment_limitation_end,CARES_Act_pleading_start,CARES_Act_pleading_end,CDC_moratorium_start,CDC_moratorium_end,Late_Fee_Ban_Start,Late_Fee_Ban_End,Second_Late_Fee_Ban_Start,Second_Late_Fee_Ban_End,Utilities_shutoff_moratorium_start,Utilities_shutoff_moratorium_expiration,Second_utilities_shutoff_moratorium_start,Utilities_reconnection_start,Utilities_reconnection_end,SNAP_Waiver_-_Emergency_Allotments_to_Current_SNAP_Households,SNAP_Waiver_-_Pandemic_EBT_during_school_year_2019-2020,SNAP_Waiver_-_Pandemic_EBT_during_school_year_2020-2021,SNAP_Waiver_-_Pandemic_EBT_during_summer_2021,SNAP_Waiver_-_Temporary_Suspension_of_Claims_Collection,2020_Q1_SNAP_ABAWD_Time_Limit_Waiver,Modify_Medicaid_requirements_with_1135_waivers_(date_of_CMS_approval),Reopened_ACA_enrollment_using_a_special_enrollment_period,State_previously_allowed_audio-only_telehealth,Allow_audio-only_telehealth,Allow/expand_Medicaid_telehealth_coverage,State_had_CHIP_premium_non-payment_lock-out_period_as_of_January_2019,Suspend_CHIP_premium_non-payment_lock-outs,Report_COVID-19_testing_by_race/ethnicity,Report_COVID-19_cases_by_race/ethnicity,Report_COVID-19_hospitalizations_by_race,Report_COVID-19_deaths_by_race/ethnicity,Report_COVID-19_vaccinations_by_race/ethnicity,Report_Indigenous_COVID-19_testing,Report_Indigenous_COVID-19_cases,Report_Indigenous_COVID-19_hospitalizations,Report_Indigenous_COVID-19_deaths,Report_Indigenous_COVID-19_vaccinations,Stopped_personal_visitation_in_state_prisons,Stopped_legal_visitation_in_state_prisons,Resumed_visitation_in_state_prisons,Stopped_visitation_in_state_prisons_x2,Resumed_visitation_in_state_prisons_x2,Does_not_charge_copays_for_incarcerated_individuals,Waived_COVID/respiratory_illness-related_copays_during_pandemic_for_incarcerated_individuals,Waived_all_copays_during_pandemic_for_incarcerated_individuals,Did_not_waive_copays_for_incarcerated_individuals,Suspended_elective_medical_procedures,Resumed_elective_medical_procedures,No_order_to_suspend_elective_medical_procedures_but_did_release_guidance_or_orders_to_resume,Suspended_elective_medical_procedures_x2,Resumed_elective_medical_procedures_x2,No_state_unemployment_waiting_period_prior_to_pandemic;_or_date_waiting_period_waived_not_found,Waived_one_week_waiting_period_for_unemployment_insurance,Reinstated_one_week_waiting_period_for_unemployment_insurance,Waived_work_search_requirement_for_unemployment_insurance,Reinstated_work_search_requirement_for_UI,Expanded_eligibility_of_unemployment_insurance_to_anyone_who_is_quarantined_and/or_taking_care_of_someone_who_is_quarantined,Expanded_eligibility_to_high-risk_individuals_in_preventative_quarantine,Expanded_eligibility_of_unemployment_insurance_to_those_who_have_lost_childcare/school_closures,Extended_the_amount_of_time_an_individual_can_be_on_unemployment_insurance,Weekly_unemployment_insurance_maximum_amount_(dollars),"Weekly_unemployment_insurance_maximum_amount_with_extra_stimulus_(through_July_31,_2020)_(dollars)",January_2020_unemployment_insurance_maximum_duration_(weeks),July_2020_unemployment_insurance_maximum_duration_(weeks),2021_unemployment_insurance_maximum_duration_(weeks),Extended_Benefits_program_activated,Extended_Benefits_program_deactivated,Extended_Benefits_program_activated_x2,Total_Unemployment_Rate_at_Extended_Benefits_program_shutoff,Total_Unemployment_Rate_relative_to_prior_year_(%),Total_Unemployment_Rate_relative_to_second_prior_year_(%),20-week_Extended_Benefits_program_activated,20-week_Extended_Benefits_program_deactivated,20-week_Extended_Benefits_program_activated_x2,Stopped_participating_in_pandemic-related_federal_unemployment_benefit_programs,Minimum_total_earnings_required_in_the_base_period_to_qualify_for_UI,Number_of_calendar_quarters_with_earnings_in_the_base_period_needed_to_qualify_for_UI,Minimum_total_earnings_required_outside_the_highest_earning_calendar_quarter_of_the_base_period_to_qualify_for_UI,Require_earnings_in_the_last_two_calendar_quarters_of_the_base_period_in_order_to_qualify_for_UI,Earnings_in_base_period_required_to_receive_a_$300_weekly_benefit_amount_for_UI,Taxable_Wage_Amount,Minimum_Tax_Rate_(%),Maximum_Tax_Rate_(%),Average_Benefit_Amount_(August),OSHA-approved_state_plan,State_department_in_charge_of_enforcing_programs,Aerosol_transmissable_diseases_standards,Air_or_ventilation_standards,Paid_sick_leave_prior_to_pandemic,Paid_sick_leave_expansion_during_pandemic,COVID-19_anti-retaliation_rules,COVID-19_business_liability_protections,COVID-19_liability_protections_for_healthcare_providers,Branch_of_government_implementing_COVID-19_liability_rules,COVID-19_workers'_compensation_expansion,Types_of_workers_eligible_for_workers'_compensation_expansion,Data_reporting_required_for_medical_treatment,Minimum_number_of_work_days_missed_by_workers_to_require_data_reporting,"Occupational_injuries,_illnesses,_and_fatalities_reporting_prior_to_pandemic",Made_Effort_to_Limit_Abortion_Access,Use_of_telemedicine/telephone_evaluations_to_initiate_buprenorphine_prescribing,Patients_can_receive_14-28_take-home_doses_of_opioid_medication,Home_delivery_of_take-home_medication_by_opioid_treatment_programs,Use_of_telemedicine_for_schedule_II-V_prescriptions,Exceptions_to_emergency_oral_prescriptions,Waive_requirement_to_obtain_separate_DEA_registration_to_dispense_outside_home_state,Medicaid_Expansion,Population_density_per_square_miles,Population_2018,Square_Miles,Number_Homeless_(2019),Percent_Unemployed_(2018),Percent_living_under_the_federal_poverty_line_(2018),Percent_at_risk_for_serious_illness_due_to_COVID,All-cause_deaths_2018,"Mental_health_professionals_per_100,000_population_in_2019",Were_there_casino(s)_in_State?_(Land_and_Non-Land_based),State_has_at_least_one_Indian/Alaska_Native_reservation,"COVID-19_is_not_an_acceptable_reason_to_request_application_for_mail-in_ballot_unless_sick_or_exposed_(as_of_September_16,_2020)","Witness_or_notary_signature_required_for_mail-in_ballot_(as_of_September_1,_2020)",Permanent_mail-in_ballot_system,"Automatic_mail-in_ballot_system_in_response_to_COVID-19_(0,1,2_2_being_conditional-_see_notes_for_details)","Automatic_applications_sent_for_mail-in_ballots_in_response_to_COVID-19_(0,1,2_2_being_conditional-_see_notes_for_details)",Last_date_of_receipt_of_mail-in_ballot_request_for_the_general_election_(by_mail_or_online),Closed_casinos,Reopened_casinos,Closed_casinos_(x2),Reopened_casinos_(x2),Mention_of_tribal_casinos,Jan_1_2019_Minimum_Wage,Mar_29_2019_Minimum_Wage,Jul_1_2019_Minimum_Wage,Oct_1_2019_Minimum_Wage,Jan_1_2020_Minimum_Wage,Jul_1_2020_Minimum_Wage,Sep_1_2020_Minimum_Wage,Oct_1_2020_Minimum_Wage,2020_Minimum_Wage_for_Tipped_Workers,2021_Minimum_Wage,Different_Minimum_Wage_for_Smaller_Businesses,death,deathConfirmed,deathIncrease,deathProbable,hospitalized,hospitalizedCumulative,hospitalizedCurrently,hospitalizedIncrease,inIcuCumulative,inIcuCurrently,negative,negativeIncrease,negativeTestsAntibody,negativeTestsPeopleAntibody,negativeTestsViral,onVentilatorCumulative,onVentilatorCurrently,positive,positiveCasesViral,positiveIncrease,positiveScore,positiveTestsAntibody,positiveTestsAntigen,positiveTestsPeopleAntibody,positiveTestsPeopleAntigen,positiveTestsViral,recovered,totalTestEncountersViral,totalTestEncountersViralIncrease,totalTestResults,totalTestResultsIncrease,totalTestsAntibody,totalTestsAntigen,totalTestsPeopleAntibody,totalTestsPeopleAntigen,totalTestsPeopleViral,totalTestsPeopleViralIncrease,totalTestsViral,totalTestsViralIncrease,metrics.testPositivityRatio,metrics.vaccinationsInitiatedRatio,metrics.vaccinationsCompletedRatio,county_y,state_y,hhs_region,Variant % A.2.5,Variant % AY.1,Variant % AY.2,Variant % AY.3,Variant % B.1,Variant % B.1.1,Variant % B.1.1.194,Variant % B.1.1.519,Variant % B.1.1.529,Variant % B.1.1.7,Variant % B.1.2,Variant % B.1.234,Variant % B.1.243,Variant % B.1.351,Variant % B.1.427,Variant % B.1.429,Variant % B.1.525,Variant % B.1.526,Variant % B.1.526.1,Variant % B.1.526.2,Variant % B.1.596,Variant % B.1.617,Variant % B.1.617.1,Variant % B.1.617.2,Variant % B.1.617.3,Variant % B.1.621,Variant % B.1.621.1,Variant % B.1.626,Variant % B.1.628,Variant % B.1.637,Variant % BA.1.1,Variant % BA.2,Variant % BA.2.12.1,Variant % BA.2.75,Variant % BA.2.75.2,Variant % BA.4,Variant % BA.4.6,Variant % BA.5,Variant % BA.5.2.6,Variant % BF.11,Variant % BF.7,Variant % BN.1,Variant % BQ.1,Variant % BQ.1.1,Variant % CH.1.1,Variant % Other,Variant % P.1,Variant % P.2,Variant % R.1,Variant % XBB,Variant % XBB.1.5,cutoff,t0.lm,r.lm,shifted_log_rolled_cases
6001,2020-03-17,6,3.52636052461616,1,3.52636052461616,Alameda,California,37.647139,-121.912488,737.299612,1643700,601942,572870,170884,45110,44283,139234,215917,344513,153134,40874,1120309,130524,129403,7220,44166,54816,32288,10.6,0.3,5.1,0.2,44283,341,12,0.2,13.1,0,21,0,9.4,0.1,7.1,0.2,68.2,0,8.4,0.2,21.5,0.3,1.2,0.1,7.7,0.3,9.6,0.2,2,0.1,0.2239,0.4303,0.0194,0.4925,1.1661,0.2548,0.1079,0.3216,0.0423,0.3123,0.7841,0.0239,0.9618,0.9663,1.9281,0.9806,0.9819,0.0443,0.9736,0.8892,0.4995,3.3885,0.916,7.2668,0.4701,0,0,0,0,0,0,0,0,0,0,1,1,2,1,0,1,0,0,2,4,83911,5.1,0.1,1480381,14,0,0,0,0,0,0,0,0,0,44156,0,0,0,0,0,0,1,0,0,0,0,0,1,0,0,0,1,2,0,0,0,0,0,0,2,0,0,0,0,0,0,0,0,0,0,0,0,0,0,0,0,0,0,0,0,0,0,0,0,,,,,,,,,,,,,,,,,,,,,2,2,0,0,0,0,0,0,0,0,0,0,0,0,0,0,1,0,0,0,0,1,1,0,0,0,0,0,0,0,0,0,0,0,0,0,0,0,0,0,0,0,0,0,0,0,0,0,0,0,0,0,0,0,0,0,0,14,0,0,14,0,0,0,0,0,0,1,0,0,0,0,0,0,0,1,1,0,1,1,1,1,0,1,1,7,0,0,0,0,1,0,0,0,0,0,0,0,0,0,6,0,1,0,1,1,0,0,450,1050,26,26,26,0,0,0,,,,0,0,0,0,1125,2,225,0,6900,7000,1.5,6.2,282.35,1,1,1,0,1,1,1,0,0,0,2,2,0,1,1,0,0,0,0,0,0,0,1,241.65,39557045,163695,151278,5.5,12.8,33.3,268818,356.2,1,1,0,0,0,1,0,0,0,0,0,0,0,12,12,12,12,13,13,13,13,13,14,1,11,,5,,,,,0,,,7981,0,,,,,,483,483,148,0,,,,,,,,0,8464,148,,,,,,0,8464,148,0.051,0,0,Alameda,California,9,0,0,0,0,0.0604039647385031,0,0,0.00397363300651019,0,0,0.350052501819441,0.033221482859312,0.0227419656953737,0,0.126316337365847,0.102752811058393,0,0,0,0,0.0503346355594546,0,0,0,0,0,0,0,0,0,0,0,0,0,0,0,0,0,0,0,0,0,0,0,0,0.238281768877636,0,0.00397363300651019,0.00794726601301938,0,0,56,22.8246686200857,0.106294658649625,0
6001,2020-03-16,6,3.42006586596654,0,3.52636052461616,Alameda,California,37.647139,-121.912488,737.299612,1643700,601942,572870,170884,45110,44283,139234,215917,344513,153134,40874,1120309,130524,129403,7220,44166,54816,32288,10.6,0.3,5.1,0.2,44283,341,12,0.2,13.1,0,21,0,9.4,0.1,7.1,0.2,68.2,0,8.4,0.2,21.5,0.3,1.2,0.1,7.7,0.3,9.6,0.2,2,0.1,0.2239,0.4303,0.0194,0.4925,1.1661,0.2548,0.1079,0.3216,0.0423,0.3123,0.7841,0.0239,0.9618,0.9663,1.9281,0.9806,0.9819,0.0443,0.9736,0.8892,0.4995,3.3885,0.916,7.2668,0.4701,0,0,0,0,0,0,0,0,0,0,1,1,2,1,0,1,0,0,2,4,83911,5.1,0.1,1480381,14,0,0,0,0,0,0,0,0,0,44156,0,0,0,0,0,0,1,0,0,0,0,0,1,0,0,0,1,2,0,0,0,0,0,0,2,0,0,0,0,0,0,0,0,0,0,0,0,0,0,0,0,0,0,0,0,0,0,0,0,,,,,,,,,,,,,,,,,,,,,2,2,0,0,0,0,0,0,0,0,0,0,0,0,0,0,1,0,0,0,0,1,1,0,0,0,0,0,0,0,0,0,0,0,0,0,0,0,0,0,0,0,0,0,0,0,0,0,0,0,0,0,0,0,0,0,0,14,0,0,14,0,0,0,0,0,0,1,0,0,0,0,0,0,0,1,1,0,1,1,1,1,0,1,1,7,0,0,0,0,1,0,0,0,0,0,0,0,0,0,6,0,1,0,1,1,0,0,450,1050,26,26,26,0,0,0,,,,0,0,0,0,1125,2,225,0,6900,7000,1.5,6.2,282.35,1,1,1,0,1,1,1,0,0,0,2,2,0,1,1,0,0,0,0,0,0,0,1,241.65,39557045,163695,151278,5.5,12.8,33.3,268818,356.2,1,1,0,0,0,1,0,0,0,0,0,0,0,12,12,12,12,13,13,13,13,13,14,1,11,,5,,,,,0,,,7981,0,,,,,,483,483,148,0,,,,,,,,0,8464,148,,,,,,0,8464,148,0.051,0,0,Alameda,California,9,0,0,0,0,0.0604039647385031,0,0,0.00397363300651019,0,0,0.350052501819441,0.033221482859312,0.0227419656953737,0,0.126316337365847,0.102752811058393,0,0,0,0,0.0503346355594546,0,0,0,0,0,0,0,0,0,0,0,0,0,0,0,0,0,0,0,0,0,0,0,0,0.238281768877636,0,0.00397363300651019,0.00794726601301938,0,0,56,22.8246686200857,0.106294658649625,-0.106294658649623
6037,2020-03-16,6,3.85014760171006,0,4.16998197642772,Los Angeles,California,34.196398,-118.261862,4058.1913941,10098052,3524321,3306109,1589956,357178,32469,1460718,1299277,2246521,993035,309423,7439000,1297024,943920,56280,378286,298364,177480,16,0.2,6.8,0.1,32469,137,21.3,0.1,12.9,0,22.2,0,9.9,0.1,9.4,0.1,73.7,0,13.7,0.1,26.8,0.1,1.6,0.1,11.4,0.1,9,0.1,1.8,0,0.5831,0.7092,0.1586,0.8844,2.3353,0.6159,0.099,0.4756,0.0592,0.6972,1.331,0.1047,0.9739,0.9892,1.9631,0.9933,0.9901,0.0608,0.9917,0.8571,0.4448,3.3445,0.9045,8.9739,0.7682,0,0,0,0,0,0,0,0,0,0,1,1,2,1,0,1,0,0,2,4,1086657,10.8,0.1,8152241,14,0,0,0,0,0,0,0,0,0,44156,0,0,0,0,0,0,1,0,0,0,0,0,1,0,0,0,1,2,0,0,0,0,0,0,2,0,0,0,0,0,0,0,0,0,0,0,0,0,0,0,0,0,0,0,0,0,0,0,0,,,,,,,,,,,,,,,,,,,,,2,2,0,0,0,0,0,0,0,0,0,0,0,0,0,0,1,0,0,0,0,1,1,0,0,0,0,0,0,0,0,0,0,0,0,0,0,0,0,0,0,0,0,0,0,0,0,0,0,0,0,0,0,0,0,0,0,14,0,0,14,0,0,0,0,0,0,1,0,0,0,0,0,0,0,1,1,0,1,1,1,1,0,1,1,7,0,0,0,0,1,0,0,0,0,0,0,0,0,0,6,0,1,0,1,1,0,0,450,1050,26,26,26,0,0,0,,,,0,0,0,0,1125,2,225,0,6900,7000,1.5,6.2,282.35,1,1,1,0,1,1,1,0,0,0,2,2,0,1,1,0,0,0,0,0,0,0,1,241.65,39557045,163695,151278,5.5,12.8,33.3,268818,356.2,1,1,0,0,0,1,0,0,0,0,0,0,0,12,12,12,12,13,13,13,13,13,14,1,11,,5,,,,,0,,,7981,0,,,,,,483,483,148,0,,,,,,,,0,8464,148,,,,,,0,8464,148,0.104,0,0,Los Angeles,California,9,0,0,0,0,0.0604039647385031,0,0,0.00397363300651019,0,0,0.350052501819441,0.033221482859312,0.0227419656953737,0,0.126316337365847,0.102752811058393,0,0,0,0,0.0503346355594546,0,0,0,0,0,0,0,0,0,0,0,0,0,0,0,0,0,0,0,0,0,0,0,0,0.238281768877636,0,0.00397363300651019,0.00794726601301938,0,0,56,42.962058158668,0.319834374717667,-0.319834374717662
6037,2020-03-17,6,4.16998197642772,1,4.16998197642772,Los Angeles,California,34.196398,-118.261862,4058.1913941,10098052,3524321,3306109,1589956,357178,32469,1460718,1299277,2246521,993035,309423,7439000,1297024,943920,56280,378286,298364,177480,16,0.2,6.8,0.1,32469,137,21.3,0.1,12.9,0,22.2,0,9.9,0.1,9.4,0.1,73.7,0,13.7,0.1,26.8,0.1,1.6,0.1,11.4,0.1,9,0.1,1.8,0,0.5831,0.7092,0.1586,0.8844,2.3353,0.6159,0.099,0.4756,0.0592,0.6972,1.331,0.1047,0.9739,0.9892,1.9631,0.9933,0.9901,0.0608,0.9917,0.8571,0.4448,3.3445,0.9045,8.9739,0.7682,0,0,0,0,0,0,0,0,0,0,1,1,2,1,0,1,0,0,2,4,1086657,10.8,0.1,8152241,14,0,0,0,0,0,0,0,0,0,44156,0,0,0,0,0,0,1,0,0,0,0,0,1,0,0,0,1,2,0,0,0,0,0,0,2,0,0,0,0,0,0,0,0,0,0,0,0,0,0,0,0,0,0,0,0,0,0,0,0,,,,,,,,,,,,,,,,,,,,,2,2,0,0,0,0,0,0,0,0,0,0,0,0,0,0,1,0,0,0,0,1,1,0,0,0,0,0,0,0,0,0,0,0,0,0,0,0,0,0,0,0,0,0,0,0,0,0,0,0,0,0,0,0,0,0,0,14,0,0,14,0,0,0,0,0,0,1,0,0,0,0,0,0,0,1,1,0,1,1,1,1,0,1,1,7,0,0,0,0,1,0,0,0,0,0,0,0,0,0,6,0,1,0,1,1,0,0,450,1050,26,26,26,0,0,0,,,,0,0,0,0,1125,2,225,0,6900,7000,1.5,6.2,282.35,1,1,1,0,1,1,1,0,0,0,2,2,0,1,1,0,0,0,0,0,0,0,1,241.65,39557045,163695,151278,5.5,12.8,33.3,268818,356.2,1,1,0,0,0,1,0,0,0,0,0,0,0,12,12,12,12,13,13,13,13,13,14,1,11,,5,,,,,0,,,7981,0,,,,,,483,483,148,0,,,,,,,,0,8464,148,,,,,,0,8464,148,0.104,0,0,Los Angeles,California,9,0,0,0,0,0.0604039647385031,0,0,0.00397363300651019,0,0,0.350052501819441,0.033221482859312,0.0227419656953737,0,0.126316337365847,0.102752811058393,0,0,0,0,0.0503346355594546,0,0,0,0,0,0,0,0,0,0,0,0,0,0,0,0,0,0,0,0,0,0,0,0,0.238281768877636,0,0.00397363300651019,0.00794726601301938,0,0,56,42.962058158668,0.319834374717667,0
6075,2020-03-16,6,3.23587340123677,0,3.38196601973427,San Francisco,California,37.727239,-123.032229,46.8633932,870044,393975,359673,92979,25320,64157,79408,131438,116897,89312,13712,516374,96657,144997,627,22953,109968,20480,10.9,0.3,4.7,0.2,64157,802,11.5,0.3,15.1,0.1,13.4,0,10.3,0.2,3.8,0.2,59.4,0.1,11.6,0.3,36.8,0.5,0.2,0.1,6.4,0.3,30.6,0.5,2.4,0.1,0.2427,0.3634,0.0013,0.4562,1.0636,0.2239,0.2209,0.0076,0.0796,0.0328,0.3409,0.0035,0.9258,0.9838,1.9096,0.9742,0.9968,0.0067,0.9557,0.9952,0.5769,3.5313,0.9497,6.8454,0.3911,0,0,0,0,0,0,0,0,0,0,1,1,2,1,0,1,1,0,3,5,37760,4.4,0.2,702907,14,0,0,0,0,0,0,0,0,0,44156,0,0,0,0,0,0,1,0,0,0,0,0,1,0,0,0,1,2,0,0,0,0,0,0,2,0,0,0,0,0,0,0,0,0,0,0,0,0,0,0,0,0,0,0,0,0,0,0,0,,,,,,,,,,,,,,,,,,,,,2,2,0,0,0,0,0,0,0,0,0,0,0,0,0,0,1,0,0,0,0,1,1,0,0,0,0,0,0,0,0,0,0,0,0,0,0,0,0,0,0,0,0,0,0,0,0,0,0,0,0,0,0,0,0,0,0,14,0,0,14,0,0,0,0,0,0,1,0,0,0,0,0,0,0,1,1,0,1,1,1,1,0,1,1,7,0,0,0,0,1,0,0,0,0,0,0,0,0,0,6,0,1,0,1,1,0,0,450,1050,26,26,26,0,0,0,,,,0,0,0,0,1125,2,225,0,6900,7000,1.5,6.2,282.35,1,1,1,0,1,1,1,0,0,0,2,2,0,1,1,0,0,0,0,0,0,0,1,241.65,39557045,163695,151278,5.5,12.8,33.3,268818,356.2,1,1,0,0,0,1,0,0,0,0,0,0,0,12,12,12,12,13,13,13,13,13,14,1,11,,5,,,,,0,,,7981,0,,,,,,483,483,148,0,,,,,,,,0,8464,148,,,,,,0,8464,148,0.157,0,0,San Francisco,California,9,0,0,0,0,0.0604039647385031,0,0,0.00397363300651019,0,0,0.350052501819441,0.033221482859312,0.0227419656953737,0,0.126316337365847,0.102752811058393,0,0,0,0,0.0503346355594546,0,0,0,0,0,0,0,0,0,0,0,0,0,0,0,0,0,0,0,0,0,0,0,0,0.238281768877636,0,0.00397363300651019,0.00794726601301938,0,0,56,32.8505345819908,0.146092618497499,-0.146092618497496
6075,2020-03-17,6,3.38196601973427,1,3.38196601973427,San Francisco,California,37.727239,-123.032229,46.8633932,870044,393975,359673,92979,25320,64157,79408,131438,116897,89312,13712,516374,96657,144997,627,22953,109968,20480,10.9,0.3,4.7,0.2,64157,802,11.5,0.3,15.1,0.1,13.4,0,10.3,0.2,3.8,0.2,59.4,0.1,11.6,0.3,36.8,0.5,0.2,0.1,6.4,0.3,30.6,0.5,2.4,0.1,0.2427,0.3634,0.0013,0.4562,1.0636,0.2239,0.2209,0.0076,0.0796,0.0328,0.3409,0.0035,0.9258,0.9838,1.9096,0.9742,0.9968,0.0067,0.9557,0.9952,0.5769,3.5313,0.9497,6.8454,0.3911,0,0,0,0,0,0,0,0,0,0,1,1,2,1,0,1,1,0,3,5,37760,4.4,0.2,702907,14,0,0,0,0,0,0,0,0,0,44156,0,0,0,0,0,0,1,0,0,0,0,0,1,0,0,0,1,2,0,0,0,0,0,0,2,0,0,0,0,0,0,0,0,0,0,0,0,0,0,0,0,0,0,0,0,0,0,0,0,,,,,,,,,,,,,,,,,,,,,2,2,0,0,0,0,0,0,0,0,0,0,0,0,0,0,1,0,0,0,0,1,1,0,0,0,0,0,0,0,0,0,0,0,0,0,0,0,0,0,0,0,0,0,0,0,0,0,0,0,0,0,0,0,0,0,0,14,0,0,14,0,0,0,0,0,0,1,0,0,0,0,0,0,0,1,1,0,1,1,1,1,0,1,1,7,0,0,0,0,1,0,0,0,0,0,0,0,0,0,6,0,1,0,1,1,0,0,450,1050,26,26,26,0,0,0,,,,0,0,0,0,1125,2,225,0,6900,7000,1.5,6.2,282.35,1,1,1,0,1,1,1,0,0,0,2,2,0,1,1,0,0,0,0,0,0,0,1,241.65,39557045,163695,151278,5.5,12.8,33.3,268818,356.2,1,1,0,0,0,1,0,0,0,0,0,0,0,12,12,12,12,13,13,13,13,13,14,1,11,,5,,,,,0,,,7981,0,,,,,,483,483,148,0,,,,,,,,0,8464,148,,,,,,0,8464,148,0.157,0,0,San Francisco,California,9,0,0,0,0,0.0604039647385031,0,0,0.00397363300651019,0,0,0.350052501819441,0.033221482859312,0.0227419656953737,0,0.126316337365847,0.102752811058393,0,0,0,0,0.0503346355594546,0,0,0,0,0,0,0,0,0,0,0,0,0,0,0,0,0,0,0,0,0,0,0,0,0.238281768877636,0,0.00397363300651019,0.00794726601301938,0,0,56,32.8505345819908,0.146092618497499,0
6081,2020-03-17,6,3.47019025314911,1,3.47019025314911,San Mateo,California,37.414672,-122.371546,448.6353251,765935,276444,261969,53387,17556,57375,59339,117867,161248,65049,14864,462888,54023,55958,3047,20547,14038,9977,7,0.4,4.1,0.3,57375,637,10.8,0.3,15.4,0,21.1,0,8.5,0.2,5.7,0.3,60.4,0.1,7.5,0.3,20.2,0.5,1.1,0.1,7.8,0.4,5.4,0.3,1.3,0.1,0.0497,0.2611,0.0019,0.4088,0.7215,0.1185,0.242,0.3327,0.0216,0.1391,0.7354,0.0201,0.9309,0.9548,1.8857,0.9682,0.9784,0.0392,0.9745,0.4435,0.2582,2.6938,0.6043,6.0364,0.265,0,0,0,0,0,0,0,0,0,0,1,1,2,1,0,1,0,0,2,4,36429,4.8,0.3,651541,14,0,0,0,0,0,0,0,0,0,44156,0,0,0,0,0,0,1,0,0,0,0,0,1,0,0,0,1,2,0,0,0,0,0,0,2,0,0,0,0,0,0,0,0,0,0,0,0,0,0,0,0,0,0,0,0,0,0,0,0,,,,,,,,,,,,,,,,,,,,,2,2,0,0,0,0,0,0,0,0,0,0,0,0,0,0,1,0,0,0,0,1,1,0,0,0,0,0,0,0,0,0,0,0,0,0,0,0,0,0,0,0,0,0,0,0,0,0,0,0,0,0,0,0,0,0,0,14,0,0,14,0,0,0,0,0,0,1,0,0,0,0,0,0,0,1,1,0,1,1,1,1,0,1,1,7,0,0,0,0,1,0,0,0,0,0,0,0,0,0,6,0,1,0,1,1,0,0,450,1050,26,26,26,0,0,0,,,,0,0,0,0,1125,2,225,0,6900,7000,1.5,6.2,282.35,1,1,1,0,1,1,1,0,0,0,2,2,0,1,1,0,0,0,0,0,0,0,1,241.65,39557045,163695,151278,5.5,12.8,33.3,268818,356.2,1,1,0,0,0,1,0,0,0,0,0,0,0,12,12,12,12,13,13,13,13,13,14,1,11,,5,,,,,0,,,7981,0,,,,,,483,483,148,0,,,,,,,,0,8464,148,,,,,,0,8464,148,0.135,0,0,San Mateo,California,9,0,0,0,0,0.0604039647385031,0,0,0.00397363300651019,0,0,0.350052501819441,0.033221482859312,0.0227419656953737,0,0.126316337365847,0.102752811058393,0,0,0,0,0.0503346355594546,0,0,0,0,0,0,0,0,0,0,0,0,0,0,0,0,0,0,0,0,0,0,0,0,0.238281768877636,0,0.00397363300651019,0.00794726601301938,0,0,56,43.6198147549893,0.280301965154166,0
6081,2020-03-16,6,3.18988828799495,0,3.47019025314911,San Mateo,California,37.414672,-122.371546,448.6353251,765935,276444,261969,53387,17556,57375,59339,117867,161248,65049,14864,462888,54023,55958,3047,20547,14038,9977,7,0.4,4.1,0.3,57375,637,10.8,0.3,15.4,0,21.1,0,8.5,0.2,5.7,0.3,60.4,0.1,7.5,0.3,20.2,0.5,1.1,0.1,7.8,0.4,5.4,0.3,1.3,0.1,0.0497,0.2611,0.0019,0.4088,0.7215,0.1185,0.242,0.3327,0.0216,0.1391,0.7354,0.0201,0.9309,0.9548,1.8857,0.9682,0.9784,0.0392,0.9745,0.4435,0.2582,2.6938,0.6043,6.0364,0.265,0,0,0,0,0,0,0,0,0,0,1,1,2,1,0,1,0,0,2,4,36429,4.8,0.3,651541,14,0,0,0,0,0,0,0,0,0,44156,0,0,0,0,0,0,1,0,0,0,0,0,1,0,0,0,1,2,0,0,0,0,0,0,2,0,0,0,0,0,0,0,0,0,0,0,0,0,0,0,0,0,0,0,0,0,0,0,0,,,,,,,,,,,,,,,,,,,,,2,2,0,0,0,0,0,0,0,0,0,0,0,0,0,0,1,0,0,0,0,1,1,0,0,0,0,0,0,0,0,0,0,0,0,0,0,0,0,0,0,0,0,0,0,0,0,0,0,0,0,0,0,0,0,0,0,14,0,0,14,0,0,0,0,0,0,1,0,0,0,0,0,0,0,1,1,0,1,1,1,1,0,1,1,7,0,0,0,0,1,0,0,0,0,0,0,0,0,0,6,0,1,0,1,1,0,0,450,1050,26,26,26,0,0,0,,,,0,0,0,0,1125,2,225,0,6900,7000,1.5,6.2,282.35,1,1,1,0,1,1,1,0,0,0,2,2,0,1,1,0,0,0,0,0,0,0,1,241.65,39557045,163695,151278,5.5,12.8,33.3,268818,356.2,1,1,0,0,0,1,0,0,0,0,0,0,0,12,12,12,12,13,13,13,13,13,14,1,11,,5,,,,,0,,,7981,0,,,,,,483,483,148,0,,,,,,,,0,8464,148,,,,,,0,8464,148,0.135,0,0,San Mateo,California,9,0,0,0,0,0.0604039647385031,0,0,0.00397363300651019,0,0,0.350052501819441,0.033221482859312,0.0227419656953737,0,0.126316337365847,0.102752811058393,0,0,0,0,0.0503346355594546,0,0,0,0,0,0,0,0,0,0,0,0,0,0,0,0,0,0,0,0,0,0,0,0,0.238281768877636,0,0.00397363300651019,0.00794726601301938,0,0,56,43.6198147549893,0.280301965154166,-0.28030196515416
6085,2020-03-16,6,4.39444915467244,0,4.57176112385696,Santa Clara,California,37.220695,-121.69051,1291.0851176,1922200,665365,635525,149850,49598,52451,157687,246908,432684,151779,39585,1306288,162853,144578,19043,51170,32645,35944,7.9,0.2,4.8,0.2,52451,361,11.9,0.3,12.8,0,22.5,0,7.9,0.1,6.2,0.2,68,0,9,0.2,21.7,0.3,2.9,0.1,8.1,0.2,5.1,0.2,1.9,0.1,0.078,0.3838,0.0067,0.4852,0.9537,0.1933,0.0952,0.5151,0.015,0.1936,0.8189,0.0255,0.9612,0.9691,1.9303,0.9815,0.9825,0.1152,0.9777,0.389,0.4728,2.9372,0.731,6.6401,0.3557,0,0,0,0,0,0,0,0,0,0,1,1,2,1,0,1,0,0,2,4,91726,4.8,0.1,1782410,14,0,0,0,0,0,0,0,0,0,44156,0,0,0,0,0,0,1,0,0,0,0,0,1,0,0,0,1,2,0,0,0,0,0,0,2,0,0,0,0,0,0,0,0,0,0,0,0,0,0,0,0,0,0,0,0,0,0,0,0,,,,,,,,,,,,,,,,,,,,,2,2,0,0,0,0,0,0,0,0,0,0,0,0,0,0,1,0,0,0,0,1,1,0,0,0,0,0,0,0,0,0,0,0,0,0,0,0,0,0,0,0,0,0,0,0,0,0,0,0,0,0,0,0,0,0,0,14,0,0,14,0,0,0,0,0,0,1,0,0,0,0,0,0,0,1,1,0,1,1,1,1,0,1,1,7,0,0,0,0,1,0,0,0,0,0,0,0,0,0,6,0,1,0,1,1,0,0,450,1050,26,26,26,0,0,0,,,,0,0,0,0,1125,2,225,0,6900,7000,1.5,6.2,282.35,1,1,1,0,1,1,1,0,0,0,2,2,0,1,1,0,0,0,0,0,0,0,1,241.65,39557045,163695,151278,5.5,12.8,33.3,268818,356.2,1,1,0,0,0,1,0,0,0,0,0,0,0,12,12,12,12,13,13,13,13,13,14,1,11,,5,,,,,0,,,7981,0,,,,,,483,483,148,0,,,,,,,,0,8464,148,,,,,,0,8464,148,0.13,0,0,Santa Clara,California,9,0,0,0,0,0.0604039647385031,0,0,0.00397363300651019,0,0,0.350052501819441,0.033221482859312,0.0227419656953737,0,0.126316337365847,0.102752811058393,0,0,0,0,0.0503346355594546,0,0,0,0,0,0,0,0,0,0,0,0,0,0,0,0,0,0,0,0,0,0,0,0,0.238281768877636,0,0.00397363300651019,0.00794726601301938,0,0,56,30.2162858780321,0.177311969184524,-0.177311969184522
6085,2020-03-17,6,4.57176112385696,1,4.57176112385696,Santa Clara,California,37.220695,-121.69051,1291.0851176,1922200,665365,635525,149850,49598,52451,157687,246908,432684,151779,39585,1306288,162853,144578,19043,51170,32645,35944,7.9,0.2,4.8,0.2,52451,361,11.9,0.3,12.8,0,22.5,0,7.9,0.1,6.2,0.2,68,0,9,0.2,21.7,0.3,2.9,0.1,8.1,0.2,5.1,0.2,1.9,0.1,0.078,0.3838,0.0067,0.4852,0.9537,0.1933,0.0952,0.5151,0.015,0.1936,0.8189,0.0255,0.9612,0.9691,1.9303,0.9815,0.9825,0.1152,0.9777,0.389,0.4728,2.9372,0.731,6.6401,0.3557,0,0,0,0,0,0,0,0,0,0,1,1,2,1,0,1,0,0,2,4,91726,4.8,0.1,1782410,14,0,0,0,0,0,0,0,0,0,44156,0,0,0,0,0,0,1,0,0,0,0,0,1,0,0,0,1,2,0,0,0,0,0,0,2,0,0,0,0,0,0,0,0,0,0,0,0,0,0,0,0,0,0,0,0,0,0,0,0,,,,,,,,,,,,,,,,,,,,,2,2,0,0,0,0,0,0,0,0,0,0,0,0,0,0,1,0,0,0,0,1,1,0,0,0,0,0,0,0,0,0,0,0,0,0,0,0,0,0,0,0,0,0,0,0,0,0,0,0,0,0,0,0,0,0,0,14,0,0,14,0,0,0,0,0,0,1,0,0,0,0,0,0,0,1,1,0,1,1,1,1,0,1,1,7,0,0,0,0,1,0,0,0,0,0,0,0,0,0,6,0,1,0,1,1,0,0,450,1050,26,26,26,0,0,0,,,,0,0,0,0,1125,2,225,0,6900,7000,1.5,6.2,282.35,1,1,1,0,1,1,1,0,0,0,2,2,0,1,1,0,0,0,0,0,0,0,1,241.65,39557045,163695,151278,5.5,12.8,33.3,268818,356.2,1,1,0,0,0,1,0,0,0,0,0,0,0,12,12,12,12,13,13,13,13,13,14,1,11,,5,,,,,0,,,7981,0,,,,,,483,483,148,0,,,,,,,,0,8464,148,,,,,,0,8464,148,0.13,0,0,Santa Clara,California,9,0,0,0,0,0.0604039647385031,0,0,0.00397363300651019,0,0,0.350052501819441,0.033221482859312,0.0227419656953737,0,0.126316337365847,0.102752811058393,0,0,0,0,0.0503346355594546,0,0,0,0,0,0,0,0,0,0,0,0,0,0,0,0,0,0,0,0,0,0,0,0,0.238281768877636,0,0.00397363300651019,0.00794726601301938,0,0,56,30.2162858780321,0.177311969184524,0
17031,2020-03-16,17,3.74106520728451,0,4.00733318523247,Cook,Illinois,41.894294,-87.645455,944.9347676,5223719,2188394,1963070,778020,214832,35575,477426,724730,1160425,526347,173456,3005985,344114,508355,15405,66512,347470,92024,15.1,0.2,7.8,0.1,35575,195,13.3,0.1,13.9,0.1,22.2,0,10.2,0.1,8.8,0.1,57.5,0,7,0.1,23.2,0.2,0.7,0.1,3.4,0.1,17.7,0.2,1.8,0,0.5229,0.815,0.0818,0.5661,1.9858,0.5057,0.1442,0.4756,0.0755,0.6065,1.3018,0.0946,0.9163,0.9516,1.8679,0.9618,0.9847,0.0239,0.8198,0.9892,0.4448,3.2624,0.8758,8.4179,0.6755,0,0,0,0,0,0,0,0,0,0,1,1,2,1,0,0,1,0,2,4,492253,9.5,0.2,4379791,9,0,1,0,0,0,0,0,0,0,0,0,0,0,0,1,1,0,0,0,0,0,0,1,2,2,1,1,2,0,1,0,0,0,0,2,0,0,0,0,0,0,0,0,0,0,0,0,0,0,0,0,0,0,0,0,0,0,0,0,,,,,,,,,,,2,,,,,2,,,,,,2,0,0,0,0,0,0,0,0,0,0,0,0,0,0,0,0,0,0,0,0,1,0,0,0,0,0,0,0,0,0,0,0,0,0,0,0,0,0,0,0,0,0,0,0,0,0,0,0,0,0,0,0,0,0,0,0,0,0,0,0,0,0,0,0,0,1,0,0,0,0,0,0,0,1,1,0,1,1,1,1,0,1,1,4,0,0,0,0,1,0,0,0,0,0,0,0,0,0,2,0,0,0,1,0,1,0,484,1084,26,26,26,0,0,0,,,,0,0,0,0,1600,2,440,0,16595.74,12740,0.2,6.4,313.12,2,1,0,0,0,0,0,0,1,2,2,1,0,3,1,0,0,0,0,0,0,0,1,220,12741080,57914,10199,5.5,12.1,36.2,110022,228.8,1,0,0,0,0,0,1,44133,2,0,0,0,0,8.25,8.25,8.25,8.25,9.25,10,10,10,6,11,1,1,,1,,,,,0,,,,0,,,,,,159,,66,0,,,,,,,,0,1500,357,,,,,,0,1500,357,0.109,0,0,Cook,Illinois,5,0,0,0,0,0.0252942364236242,0,0,0.000819581547337929,0,0.00208487241831974,0.592802455231414,0.0244609299757296,0.0163747591072645,0,0.00857959766759067,0.0174821277073376,0,0.00146430623642306,0,0,0.102325817753102,0,0,0,0,0,0,0,0,0,0,0,0,0,0,0,0,0,0,0,0,0,0,0,0,0.208311315931857,0,0,0,0,0,56,40.9499995601591,0.266267977947969,-0.266267977947966
17031,2020-03-17,17,4.00733318523247,1,4.00733318523247,Cook,Illinois,41.894294,-87.645455,944.9347676,5223719,2188394,1963070,778020,214832,35575,477426,724730,1160425,526347,173456,3005985,344114,508355,15405,66512,347470,92024,15.1,0.2,7.8,0.1,35575,195,13.3,0.1,13.9,0.1,22.2,0,10.2,0.1,8.8,0.1,57.5,0,7,0.1,23.2,0.2,0.7,0.1,3.4,0.1,17.7,0.2,1.8,0,0.5229,0.815,0.0818,0.5661,1.9858,0.5057,0.1442,0.4756,0.0755,0.6065,1.3018,0.0946,0.9163,0.9516,1.8679,0.9618,0.9847,0.0239,0.8198,0.9892,0.4448,3.2624,0.8758,8.4179,0.6755,0,0,0,0,0,0,0,0,0,0,1,1,2,1,0,0,1,0,2,4,492253,9.5,0.2,4379791,9,0,1,0,0,0,0,0,0,0,0,0,0,0,0,1,1,0,0,0,0,0,0,1,2,2,1,1,2,0,1,0,0,0,0,2,0,0,0,0,0,0,0,0,0,0,0,0,0,0,0,0,0,0,0,0,0,0,0,0,,,,,,,,,,,2,,,,,2,,,,,,2,0,0,0,0,0,0,0,0,0,0,0,0,0,0,0,0,0,0,0,0,1,0,0,0,0,0,0,0,0,0,0,0,0,0,0,0,0,0,0,0,0,0,0,0,0,0,0,0,0,0,0,0,0,0,0,0,0,0,0,0,0,0,0,0,0,1,0,0,0,0,0,0,0,1,1,0,1,1,1,1,0,1,1,4,0,0,0,0,1,0,0,0,0,0,0,0,0,0,2,0,0,0,1,0,1,0,484,1084,26,26,26,0,0,0,,,,0,0,0,0,1600,2,440,0,16595.74,12740,0.2,6.4,313.12,2,1,0,0,0,0,0,0,1,2,2,1,0,3,1,0,0,0,0,0,0,0,1,220,12741080,57914,10199,5.5,12.1,36.2,110022,228.8,1,0,0,0,0,0,1,44133,2,0,0,0,0,8.25,8.25,8.25,8.25,9.25,10,10,10,6,11,1,1,,1,,,,,0,,,,0,,,,,,159,,66,0,,,,,,,,0,1500,357,,,,,,0,1500,357,0.109,0,0,Cook,Illinois,5,0,0,0,0,0.0252942364236242,0,0,0.000819581547337929,0,0.00208487241831974,0.592802455231414,0.0244609299757296,0.0163747591072645,0,0.00857959766759067,0.0174821277073376,0,0.00146430623642306,0,0,0.102325817753102,0,0,0,0,0,0,0,0,0,0,0,0,0,0,0,0,0,0,0,0,0,0,0,0,0.208311315931857,0,0,0,0,0,56,40.9499995601591,0.266267977947969,0
22071,2020-03-16,22,3.68530163276605,0,4.07024701064304,Orleans,Louisiana,30.05342,-89.934502,169.429419,389648,191738,154036,92497,16380,30177,38030,52536,78740,54108,15733,270325,5657,28699,1055,2294,29475,14527,24.6,0.7,8.4,0.4,30177,447,13.8,0.4,13.5,0.1,20.2,0,14.1,0.4,10.2,0.4,69.4,0,1.5,0.1,15,0.4,0.6,0.1,1.5,0.2,19.1,0.6,3.7,0.2,0.9118,0.8611,0.2468,0.5922,2.6119,0.6997,0.128,0.2353,0.3629,0.7905,1.5167,0.1761,0.9647,0.6905,1.6552,0.8797,0.9497,0.021,0.3359,0.9908,0.7335,3.0309,0.7771,8.8147,0.7449,1,0,0,0,1,0,0,0,0,0,1,0,1,1,0,0,1,0,2,4,40973,10.7,0.4,378528,7,0,2,0,0,6,0,0,0,0,0,0,0,0,0,1,1,0,0,0,0,0,0,1,2,2,1,1,1,0,1,1,0,1,0,1,0,0,0,0,0,0,0,0,0,0,0,0,0,0,0,0,0,0,0,0,0,0,0,0,,,,,,,,,,2,2,,,2,,,,,,,2,2,0,0,0,0,0,0,0,0,0,0,0,0,0,0,1,0,0,0,0,1,1,1,0,0,0,0,0,0,0,0,0,1,0,0,0,0,0,0,0,0,0,0,0,0,0,0,0,0,0,0,0,0,0,0,0,5,0,0,0,0,0,0,0,0,0,1,0,0,0,0,5,1,1,0,1,0,1,1,0,1,0,1,1,6,6,0,0,0,0,0,1,0,0,0,0,0,0,0,5,0,1,1,1,0,1,0,247,847,26,26,26,0,0,0,8.6,169,179,0,0,0,0,1200,2,400,0,,7700,0.09,6,180.86,3,0,0,0,0,0,0,1,0,1,0,0,0,7,1,1,0,0,0,0,0,0,1,88.97,4659978,52378,2941,6.4,18.6,42.1,46048,264.6,1,1,1,1,0,0,0,44134,1,0,0,0,0,7.25,7.25,7.25,7.25,7.25,7.25,7.25,7.25,2.13,7.25,0,4,,2,,,,,0,,,286,98,,,,,,137,137,22,0,,,,,,,,0,423,120,,,,,,0,,0,0.487,0,0,Orleans,Louisiana,6,0,0,0,0,0.0607387728326628,0,0,0,0,0,0.348339561540704,0.114794888885262,0.0450884444090177,0,0.015933076097813,0.0219882263465396,0,0,0,0,0.122295395906591,0,0,0,0,0,0,0,0,0,0,0,0,0,0,0,0,0,0,0,0,0,0,0,0,0.27082163398141,0,0,0,0,0,56,45.4264297103895,0.384945377876993,-0.384945377876987
22071,2020-03-17,22,4.07024701064304,1,4.07024701064304,Orleans,Louisiana,30.05342,-89.934502,169.429419,389648,191738,154036,92497,16380,30177,38030,52536,78740,54108,15733,270325,5657,28699,1055,2294,29475,14527,24.6,0.7,8.4,0.4,30177,447,13.8,0.4,13.5,0.1,20.2,0,14.1,0.4,10.2,0.4,69.4,0,1.5,0.1,15,0.4,0.6,0.1,1.5,0.2,19.1,0.6,3.7,0.2,0.9118,0.8611,0.2468,0.5922,2.6119,0.6997,0.128,0.2353,0.3629,0.7905,1.5167,0.1761,0.9647,0.6905,1.6552,0.8797,0.9497,0.021,0.3359,0.9908,0.7335,3.0309,0.7771,8.8147,0.7449,1,0,0,0,1,0,0,0,0,0,1,0,1,1,0,0,1,0,2,4,40973,10.7,0.4,378528,7,0,2,0,0,6,0,0,0,0,0,0,0,0,0,1,1,0,0,0,0,0,0,1,2,2,1,1,1,0,1,1,0,1,0,1,0,0,0,0,0,0,0,0,0,0,0,0,0,0,0,0,0,0,0,0,0,0,0,0,,,,,,,,,,2,2,,,2,,,,,,,2,2,0,0,0,0,0,0,0,0,0,0,0,0,0,0,1,0,0,0,0,1,1,1,0,0,0,0,0,0,0,0,0,1,0,0,0,0,0,0,0,0,0,0,0,0,0,0,0,0,0,0,0,0,0,0,0,5,0,0,0,0,0,0,0,0,0,1,0,0,0,0,5,1,1,0,1,0,1,1,0,1,0,1,1,6,6,0,0,0,0,0,1,0,0,0,0,0,0,0,5,0,1,1,1,0,1,0,247,847,26,26,26,0,0,0,8.6,169,179,0,0,0,0,1200,2,400,0,,7700,0.09,6,180.86,3,0,0,0,0,0,0,1,0,1,0,0,0,7,1,1,0,0,0,0,0,0,1,88.97,4659978,52378,2941,6.4,18.6,42.1,46048,264.6,1,1,1,1,0,0,0,44134,1,0,0,0,0,7.25,7.25,7.25,7.25,7.25,7.25,7.25,7.25,2.13,7.25,0,4,,2,,,,,0,,,286,98,,,,,,137,137,22,0,,,,,,,,0,423,120,,,,,,0,,0,0.487,0,0,Orleans,Louisiana,6,0,0,0,0,0.0607387728326628,0,0,0,0,0,0.348339561540704,0.114794888885262,0.0450884444090177,0,0.015933076097813,0.0219882263465396,0,0,0,0,0.122295395906591,0,0,0,0,0,0,0,0,0,0,0,0,0,0,0,0,0,0,0,0,0,0,0,0,0.27082163398141,0,0,0,0,0,56,45.4264297103895,0.384945377876993,0
25017,2020-03-17,25,4.18965474202643,1,4.18965474202643,Middlesex,Massachusetts,42.481718,-71.394916,817.8401031,1595192,632582,600032,122070,38575,49669,76765,234069,321214,146099,35341,438354,61303,120397,2354,11212,63306,58705,7.9,0.2,4.2,0.2,49669,376,6.9,0.2,14.7,0.1,20.1,0,9.2,0.2,5.9,0.2,27.5,0.1,4.1,0.2,19,0.3,0.4,0.1,1.9,0.1,10.6,0.2,3.7,0.1,0.078,0.2745,0.0086,0.1165,0.4776,0.051,0.1917,0.2254,0.0385,0.1573,0.6129,0.0137,0.6616,0.8943,1.5559,0.8341,0.9745,0.0137,0.4817,0.9261,0.7335,3.1295,0.8195,5.7759,0.2264,0,0,0,0,0,0,0,0,0,0,0,0,0,1,0,0,1,0,2,2,40992,2.6,0.2,1543265,8,0,1,0,0,2,0,0,0,0,44141,0,0,0,0,1,0,0,0,0,0,0,0,1,0,0,0,1,1,0,1,0,0,0,0,1,0,0,0,0,0,0,0,0,0,0,0,0,0,0,0,0,0,0,0,0,0,0,0,0,1,1,1,1,1,1,1,1,1,1,1,2,2,2,2,3,2,2,2,2,2,3,0,0,0,0,0,0,0,0,0,0,0,0,0,0,0,0,1,1,0,0,1,5,0,0,,0,0,0,0,0,0,5,0,0,,0,0,0,0,0,0,0,0,0,,0,0,0,0,0,0,0,0,0,0,0,0,0,0,0,0,0,0,0,0,1,0,7,0,2,6,1,0,0,1,1,1,1,0,1,1,1,1,6,0,0,0,0,0,0,1,0,0,0,0,0,0,0,0,0,1,0,1,0,0,0,823,1423,26,26,26,0,0,0,,,,0,0,0,0,5100,1,0,0,31200,15000,0.94,14.37,396.96,3,0,0,0,1,0,1,0,1,1,0,0,0,5,1,0,0,0,0,0,0,0,1,653.98,6902149,10554,18471,4.8,10,34.6,59152,626.6,1,1,0,0,0,0,1,44132,4,0,0,0,0,12,12,12,12,12.75,12.75,12.75,12.75,4.95,13.5,0,,,0,,,,,0,,,1541,1189,,,,,,218,218,54,0,,,,,787,,,0,9145,2790,,,,,,0,9145,2790,0.106,0,0,Middlesex,Massachusetts,1,0,0,0,0,0.215363425063257,0,0,0,0,0,0.286312307987997,0.0314399893769907,0.0761624713299089,0,0,0.0016827607531008,0,0,0,0,0.0517873272696608,0,0,0,0,0,0,0,0,0,0,0,0,0,0,0,0,0,0,0,0,0,0,0,0,0.337251718219084,0,0,0,0,0,56,17.8076928486633,0.109698917256424,0
25017,2020-03-16,25,4.07995582477,0,4.18965474202643,Middlesex,Massachusetts,42.481718,-71.394916,817.8401031,1595192,632582,600032,122070,38575,49669,76765,234069,321214,146099,35341,438354,61303,120397,2354,11212,63306,58705,7.9,0.2,4.2,0.2,49669,376,6.9,0.2,14.7,0.1,20.1,0,9.2,0.2,5.9,0.2,27.5,0.1,4.1,0.2,19,0.3,0.4,0.1,1.9,0.1,10.6,0.2,3.7,0.1,0.078,0.2745,0.0086,0.1165,0.4776,0.051,0.1917,0.2254,0.0385,0.1573,0.6129,0.0137,0.6616,0.8943,1.5559,0.8341,0.9745,0.0137,0.4817,0.9261,0.7335,3.1295,0.8195,5.7759,0.2264,0,0,0,0,0,0,0,0,0,0,0,0,0,1,0,0,1,0,2,2,40992,2.6,0.2,1543265,8,0,1,0,0,2,0,0,0,0,44141,0,0,0,0,1,0,0,0,0,0,0,0,1,0,0,0,1,1,0,1,0,0,0,0,1,0,0,0,0,0,0,0,0,0,0,0,0,0,0,0,0,0,0,0,0,0,0,0,0,1,1,1,1,1,1,1,1,1,1,1,2,2,2,2,3,2,2,2,2,2,3,0,0,0,0,0,0,0,0,0,0,0,0,0,0,0,0,1,1,0,0,1,5,0,0,,0,0,0,0,0,0,5,0,0,,0,0,0,0,0,0,0,0,0,,0,0,0,0,0,0,0,0,0,0,0,0,0,0,0,0,0,0,0,0,1,0,7,0,2,6,1,0,0,1,1,1,1,0,1,1,1,1,6,0,0,0,0,0,0,1,0,0,0,0,0,0,0,0,0,1,0,1,0,0,0,823,1423,26,26,26,0,0,0,,,,0,0,0,0,5100,1,0,0,31200,15000,0.94,14.37,396.96,3,0,0,0,1,0,1,0,1,1,0,0,0,5,1,0,0,0,0,0,0,0,1,653.98,6902149,10554,18471,4.8,10,34.6,59152,626.6,1,1,0,0,0,0,1,44132,4,0,0,0,0,12,12,12,12,12.75,12.75,12.75,12.75,4.95,13.5,0,,,0,,,,,0,,,1541,1189,,,,,,218,218,54,0,,,,,787,,,0,9145,2790,,,,,,0,9145,2790,0.106,0,0,Middlesex,Massachusetts,1,0,0,0,0,0.215363425063257,0,0,0,0,0,0.286312307987997,0.0314399893769907,0.0761624713299089,0,0,0.0016827607531008,0,0,0,0,0.0517873272696608,0,0,0,0,0,0,0,0,0,0,0,0,0,0,0,0,0,0,0,0,0,0,0,0,0.337251718219084,0,0,0,0,0,56,17.8076928486633,0.109698917256424,-0.109698917256423
25021,2020-03-16,25,3.28519846779927,0,3.391627930646,Norfolk,Massachusetts,42.171739,-71.181111,396.0969232,698249,277275,263551,44011,19548,52036,29903,113400,148906,67011,13646,169330,21608,50401,956,3879,24529,18470,6.5,0.4,5,0.3,52036,623,6.1,0.3,16.2,0.1,21.3,0,9.7,0.2,5.2,0.3,24.3,0.1,3.3,0.2,18.2,0.4,0.3,0.1,1.5,0.2,9.3,0.3,2.6,0.1,0.0382,0.4166,0.007,0.0755,0.5373,0.0656,0.3098,0.3505,0.0538,0.1022,0.8163,0.0252,0.6262,0.8593,1.4855,0.7994,0.971,0.0099,0.3359,0.8746,0.6059,2.7973,0.6603,5.6364,0.2092,0,0,0,0,0,0,0,0,0,0,0,0,0,1,0,0,0,0,1,1,13782,2,0.1,661559,8,0,1,0,0,2,0,0,0,0,44141,0,0,0,0,1,0,0,0,0,0,0,0,1,0,0,0,1,1,0,1,0,0,0,0,1,0,0,0,0,0,0,0,0,0,0,0,0,0,0,0,0,0,0,0,0,0,0,0,0,1,1,1,1,1,1,1,1,1,1,1,2,2,2,2,3,2,2,2,2,2,3,0,0,0,0,0,0,0,0,0,0,0,0,0,0,0,0,1,1,0,0,1,5,0,0,,0,0,0,0,0,0,5,0,0,,0,0,0,0,0,0,0,0,0,,0,0,0,0,0,0,0,0,0,0,0,0,0,0,0,0,0,0,0,0,1,0,7,0,2,6,1,0,0,1,1,1,1,0,1,1,1,1,6,0,0,0,0,0,0,1,0,0,0,0,0,0,0,0,0,1,0,1,0,0,0,823,1423,26,26,26,0,0,0,,,,0,0,0,0,5100,1,0,0,31200,15000,0.94,14.37,396.96,3,0,0,0,1,0,1,0,1,1,0,0,0,5,1,0,0,0,0,0,0,0,1,653.98,6902149,10554,18471,4.8,10,34.6,59152,626.6,1,1,0,0,0,0,1,44132,4,0,0,0,0,12,12,12,12,12.75,12.75,12.75,12.75,4.95,13.5,0,,,0,,,,,0,,,1541,1189,,,,,,218,218,54,0,,,,,787,,,0,9145,2790,,,,,,0,9145,2790,0.108,0,0,Norfolk,Massachusetts,1,0,0,0,0,0.215363425063257,0,0,0,0,0,0.286312307987997,0.0314399893769907,0.0761624713299089,0,0,0.0016827607531008,0,0,0,0,0.0517873272696608,0,0,0,0,0,0,0,0,0,0,0,0,0,0,0,0,0,0,0,0,0,0,0,0,0.337251718219084,0,0,0,0,0,56,24.1326219269735,0.106429462846734,-0.106429462846731
25021,2020-03-17,25,3.391627930646,1,3.391627930646,Norfolk,Massachusetts,42.171739,-71.181111,396.0969232,698249,277275,263551,44011,19548,52036,29903,113400,148906,67011,13646,169330,21608,50401,956,3879,24529,18470,6.5,0.4,5,0.3,52036,623,6.1,0.3,16.2,0.1,21.3,0,9.7,0.2,5.2,0.3,24.3,0.1,3.3,0.2,18.2,0.4,0.3,0.1,1.5,0.2,9.3,0.3,2.6,0.1,0.0382,0.4166,0.007,0.0755,0.5373,0.0656,0.3098,0.3505,0.0538,0.1022,0.8163,0.0252,0.6262,0.8593,1.4855,0.7994,0.971,0.0099,0.3359,0.8746,0.6059,2.7973,0.6603,5.6364,0.2092,0,0,0,0,0,0,0,0,0,0,0,0,0,1,0,0,0,0,1,1,13782,2,0.1,661559,8,0,1,0,0,2,0,0,0,0,44141,0,0,0,0,1,0,0,0,0,0,0,0,1,0,0,0,1,1,0,1,0,0,0,0,1,0,0,0,0,0,0,0,0,0,0,0,0,0,0,0,0,0,0,0,0,0,0,0,0,1,1,1,1,1,1,1,1,1,1,1,2,2,2,2,3,2,2,2,2,2,3,0,0,0,0,0,0,0,0,0,0,0,0,0,0,0,0,1,1,0,0,1,5,0,0,,0,0,0,0,0,0,5,0,0,,0,0,0,0,0,0,0,0,0,,0,0,0,0,0,0,0,0,0,0,0,0,0,0,0,0,0,0,0,0,1,0,7,0,2,6,1,0,0,1,1,1,1,0,1,1,1,1,6,0,0,0,0,0,0,1,0,0,0,0,0,0,0,0,0,1,0,1,0,0,0,823,1423,26,26,26,0,0,0,,,,0,0,0,0,5100,1,0,0,31200,15000,0.94,14.37,396.96,3,0,0,0,1,0,1,0,1,1,0,0,0,5,1,0,0,0,0,0,0,0,1,653.98,6902149,10554,18471,4.8,10,34.6,59152,626.6,1,1,0,0,0,0,1,44132,4,0,0,0,0,12,12,12,12,12.75,12.75,12.75,12.75,4.95,13.5,0,,,0,,,,,0,,,1541,1189,,,,,,218,218,54,0,,,,,787,,,0,9145,2790,,,,,,0,9145,2790,0.108,0,0,Norfolk,Massachusetts,1,0,0,0,0,0.215363425063257,0,0,0,0,0,0.286312307987997,0.0314399893769907,0.0761624713299089,0,0,0.0016827607531008,0,0,0,0,0.0517873272696608,0,0,0,0,0,0,0,0,0,0,0,0,0,0,0,0,0,0,0,0,0,0,0,0,0.337251718219084,0,0,0,0,0,56,24.1326219269735,0.106429462846734,0
25025,2020-03-16,25,3.25258688221051,0,3.36729582998647,Suffolk,Massachusetts,42.338551,-71.018253,58.245457,791766,333238,307870,144697,32222,40190,79176,91123,134169,96641,29746,435116,77816,104947,573,11195,99703,49010,19.3,0.5,7,0.3,40190,551,14.5,0.4,11.5,0.1,16.9,0,12.3,0.3,9.7,0.4,55,0.1,10.4,0.3,31.5,0.5,0.2,0.1,3.6,0.3,32.4,0.5,6.2,0.2,0.7592,0.7347,0.0385,0.6316,2.164,0.5608,0.0481,0.0513,0.2041,0.7316,1.0351,0.0474,0.9023,0.978,1.8803,0.9656,0.9936,0.0067,0.8456,0.9959,0.8555,3.6973,0.9774,8.7767,0.7379,0,0,0,0,0,0,0,0,0,0,1,1,2,1,0,0,1,0,2,4,31509,4,0.2,727533,8,0,1,0,0,2,0,0,0,0,44141,0,0,0,0,1,0,0,0,0,0,0,0,1,0,0,0,1,1,0,1,0,0,0,0,1,0,0,0,0,0,0,0,0,0,0,0,0,0,0,0,0,0,0,0,0,0,0,0,0,1,1,1,1,1,1,1,1,1,1,1,2,2,2,2,3,2,2,2,2,2,3,0,0,0,0,0,0,0,0,0,0,0,0,0,0,0,0,1,1,0,0,1,5,0,0,,0,0,0,0,0,0,5,0,0,,0,0,0,0,0,0,0,0,0,,0,0,0,0,0,0,0,0,0,0,0,0,0,0,0,0,0,0,0,0,1,0,7,0,2,6,1,0,0,1,1,1,1,0,1,1,1,1,6,0,0,0,0,0,0,1,0,0,0,0,0,0,0,0,0,1,0,1,0,0,0,823,1423,26,26,26,0,0,0,,,,0,0,0,0,5100,1,0,0,31200,15000,0.94,14.37,396.96,3,0,0,0,1,0,1,0,1,1,0,0,0,5,1,0,0,0,0,0,0,0,1,653.98,6902149,10554,18471,4.8,10,34.6,59152,626.6,1,1,0,0,0,0,1,44132,4,0,0,0,0,12,12,12,12,12.75,12.75,12.75,12.75,4.95,13.5,0,,,0,,,,,0,,,1541,1189,,,,,,218,218,54,0,,,,,787,,,0,9145,2790,,,,,,0,9145,2790,0.11,0,0,Suffolk,Massachusetts,1,0,0,0,0,0.215363425063257,0,0,0,0,0,0.286312307987997,0.0314399893769907,0.0761624713299089,0,0,0.0016827607531008,0,0,0,0,0.0517873272696608,0,0,0,0,0,0,0,0,0,0,0,0,0,0,0,0,0,0,0,0,0,0,0,0,0.337251718219084,0,0,0,0,0,56,26.6448721283441,0.114708947775962,-0.11470894777596
25025,2020-03-17,25,3.36729582998647,1,3.36729582998647,Suffolk,Massachusetts,42.338551,-71.018253,58.245457,791766,333238,307870,144697,32222,40190,79176,91123,134169,96641,29746,435116,77816,104947,573,11195,99703,49010,19.3,0.5,7,0.3,40190,551,14.5,0.4,11.5,0.1,16.9,0,12.3,0.3,9.7,0.4,55,0.1,10.4,0.3,31.5,0.5,0.2,0.1,3.6,0.3,32.4,0.5,6.2,0.2,0.7592,0.7347,0.0385,0.6316,2.164,0.5608,0.0481,0.0513,0.2041,0.7316,1.0351,0.0474,0.9023,0.978,1.8803,0.9656,0.9936,0.0067,0.8456,0.9959,0.8555,3.6973,0.9774,8.7767,0.7379,0,0,0,0,0,0,0,0,0,0,1,1,2,1,0,0,1,0,2,4,31509,4,0.2,727533,8,0,1,0,0,2,0,0,0,0,44141,0,0,0,0,1,0,0,0,0,0,0,0,1,0,0,0,1,1,0,1,0,0,0,0,1,0,0,0,0,0,0,0,0,0,0,0,0,0,0,0,0,0,0,0,0,0,0,0,0,1,1,1,1,1,1,1,1,1,1,1,2,2,2,2,3,2,2,2,2,2,3,0,0,0,0,0,0,0,0,0,0,0,0,0,0,0,0,1,1,0,0,1,5,0,0,,0,0,0,0,0,0,5,0,0,,0,0,0,0,0,0,0,0,0,,0,0,0,0,0,0,0,0,0,0,0,0,0,0,0,0,0,0,0,0,1,0,7,0,2,6,1,0,0,1,1,1,1,0,1,1,1,1,6,0,0,0,0,0,0,1,0,0,0,0,0,0,0,0,0,1,0,1,0,0,0,823,1423,26,26,26,0,0,0,,,,0,0,0,0,5100,1,0,0,31200,15000,0.94,14.37,396.96,3,0,0,0,1,0,1,0,1,1,0,0,0,5,1,0,0,0,0,0,0,0,1,653.98,6902149,10554,18471,4.8,10,34.6,59152,626.6,1,1,0,0,0,0,1,44132,4,0,0,0,0,12,12,12,12,12.75,12.75,12.75,12.75,4.95,13.5,0,,,0,,,,,0,,,1541,1189,,,,,,218,218,54,0,,,,,787,,,0,9145,2790,,,,,,0,9145,2790,0.11,0,0,Suffolk,Massachusetts,1,0,0,0,0,0.215363425063257,0,0,0,0,0,0.286312307987997,0.0314399893769907,0.0761624713299089,0,0,0.0016827607531008,0,0,0,0,0.0517873272696608,0,0,0,0,0,0,0,0,0,0,0,0,0,0,0,0,0,0,0,0,0,0,0,0,0.337251718219084,0,0,0,0,0,56,26.6448721283441,0.114708947775962,0
34003,2020-03-16,34,3.20158432775814,0,3.5715427474094,Bergen,New Jersey,40.959698,-74.074727,232.7851333,929999,356654,338249,64674,22404,48426,50921,155306,199408,74389,19729,397573,59231,61853,1070,7987,27782,10999,7,0.3,4.5,0.2,48426,557,7.8,0.3,16.7,0.1,21.4,0,8.1,0.2,5.8,0.3,42.7,0,6.7,0.2,17.3,0.4,0.3,0.1,2.4,0.2,8.2,0.3,1.2,0.1,0.0497,0.3299,0.0102,0.1831,0.5729,0.0752,0.3566,0.3629,0.0169,0.1487,0.8851,0.0315,0.8252,0.9456,1.7708,0.9287,0.9647,0.0099,0.6313,0.8026,0.2184,2.6269,0.5616,5.8557,0.2395,0,0,0,0,0,0,0,0,0,0,0,1,1,1,0,0,0,0,1,2,76580,8.3,0.3,898942,9,0,0,0,0,0,0,0,0,0,44145,0,0,0,0,1,1,0,0,0,0,0,0,1,0,0,1,1,2,0,1,2,0,2,0,2,0,0,0,0,0,0,0,0,0,0,0,0,0,0,0,0,0,0,0,0,0,0,0,0,,,,,,,,,2,,2,,,,2,2,2,2,2,2,2,2,0,0,0,0,0,0,0,0,0,0,0,0,0,0,1,0,0,0,0,1,0,2,0,0,0,0,0,0,0,0,0,2,,0,0,0,,0,0,0,0,0,0,0,0,0,0,0,0,0,0,0,0,0,0,0,0,0,0,0,0,0,0,0,0,1,0,0,0,0,0,1,1,0,1,1,1,1,0,0,0,0,0,4,0,0,0,0,0,1,0,0,0,0,0,0,0,1,0,0,1,0,1,0,1,0,713,1313,26,26,26,0,0,0,,,,0,0,0,0,4400,2,0,0,26000,35300,0.4,5.4,395.1,2,2,0,1,1,1,1,0,1,1,2,2,1,,1,0,0,0,0,0,0,0,1,1021.27,8908520,8723,8862,4.9,9.5,34.6,75765,220.7,1,0,0,0,0,1,0,0,2,0,0,0,0,8.85,8.85,10,10,11,11,11,11,3.13,12,0,4,3,2,1,,,,0,,,163,43,,,,,,267,267,89,0,,,,,,,,0,430,132,,,,,430,132,,0,1,0,0,Bergen,New Jersey,2,0,0,0,0,0.0607771577715025,0,0,0.00867403581244529,0,0.00822644311273988,0.286934257622563,0.007337418412184,0.108967945385605,0,0.00867403581244529,0.00867403581244529,0,0.00145920692555297,0,0,0.0513942094571673,0,0,0,0,0,0,0,0,0,0,0,0,0,0,0,0,0,0,0,0,0,0,0,0,0.445212544669257,0,0,0.003668709206092,0,0,56,46.3460968646798,0.369958419651259,-0.369958419651254
34003,2020-03-17,34,3.5715427474094,1,3.5715427474094,Bergen,New Jersey,40.959698,-74.074727,232.7851333,929999,356654,338249,64674,22404,48426,50921,155306,199408,74389,19729,397573,59231,61853,1070,7987,27782,10999,7,0.3,4.5,0.2,48426,557,7.8,0.3,16.7,0.1,21.4,0,8.1,0.2,5.8,0.3,42.7,0,6.7,0.2,17.3,0.4,0.3,0.1,2.4,0.2,8.2,0.3,1.2,0.1,0.0497,0.3299,0.0102,0.1831,0.5729,0.0752,0.3566,0.3629,0.0169,0.1487,0.8851,0.0315,0.8252,0.9456,1.7708,0.9287,0.9647,0.0099,0.6313,0.8026,0.2184,2.6269,0.5616,5.8557,0.2395,0,0,0,0,0,0,0,0,0,0,0,1,1,1,0,0,0,0,1,2,76580,8.3,0.3,898942,9,0,0,0,0,0,0,0,0,0,44145,0,0,0,0,1,1,0,0,0,0,0,0,1,0,0,1,1,2,0,1,2,0,2,0,2,0,0,0,0,0,0,0,0,0,0,0,0,0,0,0,0,0,0,0,0,0,0,0,0,,,,,,,,,2,,2,,,,2,2,2,2,2,2,2,2,0,0,0,0,0,0,0,0,0,0,0,0,0,0,1,0,0,0,0,1,0,2,0,0,0,0,0,0,0,0,0,2,,0,0,0,,0,0,0,0,0,0,0,0,0,0,0,0,0,0,0,0,0,0,0,0,0,0,0,0,0,0,0,0,1,0,0,0,0,0,1,1,0,1,1,1,1,0,0,0,0,0,4,0,0,0,0,0,1,0,0,0,0,0,0,0,1,0,0,1,0,1,0,1,0,713,1313,26,26,26,0,0,0,,,,0,0,0,0,4400,2,0,0,26000,35300,0.4,5.4,395.1,2,2,0,1,1,1,1,0,1,1,2,2,1,,1,0,0,0,0,0,0,0,1,1021.27,8908520,8723,8862,4.9,9.5,34.6,75765,220.7,1,0,0,0,0,1,0,0,2,0,0,0,0,8.85,8.85,10,10,11,11,11,11,3.13,12,0,4,3,2,1,,,,0,,,163,43,,,,,,267,267,89,0,,,,,,,,0,430,132,,,,,430,132,,0,1,0,0,Bergen,New Jersey,2,0,0,0,0,0.0607771577715025,0,0,0.00867403581244529,0,0.00822644311273988,0.286934257622563,0.007337418412184,0.108967945385605,0,0.00867403581244529,0.00867403581244529,0,0.00145920692555297,0,0,0.0513942094571673,0,0,0,0,0,0,0,0,0,0,0,0,0,0,0,0,0,0,0,0,0,0,0,0,0.445212544669257,0,0,0.003668709206092,0,0,56,46.3460968646798,0.369958419651259,0
36059,2020-03-16,36,4.1061790198691,0,4.34008794545355,Nassau,New York,40.729612,-73.589414,284.5900653,1356564,471835,445517,76461,30530,49211,82341,232164,295105,112217,24881,532139,68810,50142,863,11768,31328,20106,5.7,0.3,4.3,0.2,49211,384,8.8,0.3,17.1,0.1,21.8,0,8.3,0.2,5.6,0.3,39.2,0.1,5.4,0.2,10.6,0.3,0.2,0.1,2.6,0.2,7,0.3,1.5,0.1,0.0245,0.2924,0.0092,0.2499,0.576,0.0764,0.3989,0.418,0.0188,0.1337,0.9694,0.0392,0.7943,0.9255,1.7198,0.9105,0.8876,0.0067,0.6864,0.6829,0.3457,2.6093,0.5546,5.8745,0.243,0,0,0,0,0,0,0,0,0,0,0,1,1,0,0,0,0,0,0,1,64633,4.8,0.2,1235891,11,0,0,0,0,5,0,0,0,0,44148,0,1,0,0,1,0,0,0,0,0,0,0,1,2,2,0,1,1,0,1,2,0,2,0,2,0,0,0,0,0,0,0,0,0,0,0,0,0,0,0,0,0,0,0,0,0,0,0,0,,,,,,,,,,,,,,2,,,,2,,2,2,2,0,0,0,0,0,0,0,0,0,0,0,0,0,0,0,0,1,1,1,1,1,2,0,0,0,0,0,0,0,0,0,2,0,0,0,2,0,0,0,0,,0,0,0,,0,0,0,0,0,0,0,0,0,0,0,,0,0,,0,0,0,0,0,1,0,2,0,3,17,0,0,0,0,0,1,1,0,0,0,0,0,4,0,0,0,0,1,0,0,0,0,0,0,0,0,0,6,0,0,0,0,0,0,0,504,1104,26,26,26,0,0,0,,,,0,0,0,0,3900,2,1300,0,11250,11600,0,6.9,333.83,2,1,1,0,0,1,1,0,1,1,0,0,1,1,1,0,0,0,0,0,0,0,1,358.21,19542209,54555,92091,5,13.6,36.9,157183,291.1,1,1,0,0,0,0,2,44131,2,0,0,0,1,11.1,11.1,11.1,11.1,11.8,11.8,11.8,11.8,7.85,12.5,0,7,,0,,,,325,0,,,,0,,,,,,1374,,432,0,,,,,,,10262,2907,10262,2907,,,,,,0,,0,0.25,0,0,Nassau,New York,2,0,0,0,0,0.0607771577715025,0,0,0.00867403581244529,0,0.00822644311273988,0.286934257622563,0.007337418412184,0.108967945385605,0,0.00867403581244529,0.00867403581244529,0,0.00145920692555297,0,0,0.0513942094571673,0,0,0,0,0,0,0,0,0,0,0,0,0,0,0,0,0,0,0,0,0,0,0,0,0.445212544669257,0,0,0.003668709206092,0,0,56,37.445394036977,0.233908925584451,-0.233908925584448
36059,2020-03-17,36,4.34008794545355,1,4.34008794545355,Nassau,New York,40.729612,-73.589414,284.5900653,1356564,471835,445517,76461,30530,49211,82341,232164,295105,112217,24881,532139,68810,50142,863,11768,31328,20106,5.7,0.3,4.3,0.2,49211,384,8.8,0.3,17.1,0.1,21.8,0,8.3,0.2,5.6,0.3,39.2,0.1,5.4,0.2,10.6,0.3,0.2,0.1,2.6,0.2,7,0.3,1.5,0.1,0.0245,0.2924,0.0092,0.2499,0.576,0.0764,0.3989,0.418,0.0188,0.1337,0.9694,0.0392,0.7943,0.9255,1.7198,0.9105,0.8876,0.0067,0.6864,0.6829,0.3457,2.6093,0.5546,5.8745,0.243,0,0,0,0,0,0,0,0,0,0,0,1,1,0,0,0,0,0,0,1,64633,4.8,0.2,1235891,11,0,0,0,0,5,0,0,0,0,44148,0,1,0,0,1,0,0,0,0,0,0,0,1,2,2,0,1,1,0,1,2,0,2,0,2,0,0,0,0,0,0,0,0,0,0,0,0,0,0,0,0,0,0,0,0,0,0,0,0,,,,,,,,,,,,,,2,,,,2,,2,2,2,0,0,0,0,0,0,0,0,0,0,0,0,0,0,0,0,1,1,1,1,1,2,0,0,0,0,0,0,0,0,0,2,0,0,0,2,0,0,0,0,,0,0,0,,0,0,0,0,0,0,0,0,0,0,0,,0,0,,0,0,0,0,0,1,0,2,0,3,17,0,0,0,0,0,1,1,0,0,0,0,0,4,0,0,0,0,1,0,0,0,0,0,0,0,0,0,6,0,0,0,0,0,0,0,504,1104,26,26,26,0,0,0,,,,0,0,0,0,3900,2,1300,0,11250,11600,0,6.9,333.83,2,1,1,0,0,1,1,0,1,1,0,0,1,1,1,0,0,0,0,0,0,0,1,358.21,19542209,54555,92091,5,13.6,36.9,157183,291.1,1,1,0,0,0,0,2,44131,2,0,0,0,1,11.1,11.1,11.1,11.1,11.8,11.8,11.8,11.8,7.85,12.5,0,7,,0,,,,325,0,,,,0,,,,,,1374,,432,0,,,,,,,10262,2907,10262,2907,,,,,,0,,0,0.25,0,0,Nassau,New York,2,0,0,0,0,0.0607771577715025,0,0,0.00867403581244529,0,0.00822644311273988,0.286934257622563,0.007337418412184,0.108967945385605,0,0.00867403581244529,0.00867403581244529,0,0.00145920692555297,0,0,0.0513942094571673,0,0,0,0,0,0,0,0,0,0,0,0,0,0,0,0,0,0,0,0,0,0,0,0,0.445212544669257,0,0,0.003668709206092,0,0,56,37.445394036977,0.233908925584451,0
36103,2020-03-16,36,3.391627930646,0,3.72741311811618,Suffolk,New York,40.943554,-72.692218,911.7768433,1487901,575162,487981,103887,37012,42204,98607,239139,322908,141672,30099,474510,56397,33705,5148,12746,25656,29735,7.1,0.3,4.7,0.2,42204,376,9.6,0.2,16.1,0.1,21.7,0,9.6,0.2,6.2,0.3,31.9,0.1,4,0.2,5.9,0.2,0.9,0.1,2.6,0.2,5.3,0.2,2,0.1,0.0522,0.3634,0.028,0.3114,0.755,0.1255,0.2983,0.3999,0.0506,0.1936,0.9424,0.0369,0.7106,0.8895,1.6001,0.8545,0.7507,0.0318,0.6864,0.4225,0.4995,2.3909,0.4288,5.6884,0.2146,0,0,0,0,0,0,0,0,0,0,0,0,0,0,0,0,0,0,0,0,79676,5.4,0.2,1348914,11,0,0,0,0,5,0,0,0,0,44148,0,1,0,0,1,0,0,0,0,0,0,0,1,2,2,0,1,1,0,1,2,0,2,0,2,0,0,0,0,0,0,0,0,0,0,0,0,0,0,0,0,0,0,0,0,0,0,0,0,,,,,,,,,,,,,,2,,,,2,,2,2,2,0,0,0,0,0,0,0,0,0,0,0,0,0,0,0,0,1,1,1,1,1,2,0,0,0,0,0,0,0,0,0,2,0,0,0,2,0,0,0,0,,0,0,0,,0,0,0,0,0,0,0,0,0,0,0,,0,0,,0,0,0,0,0,1,0,2,0,3,17,0,0,0,0,0,1,1,0,0,0,0,0,4,0,0,0,0,1,0,0,0,0,0,0,0,0,0,6,0,0,0,0,0,0,0,504,1104,26,26,26,0,0,0,,,,0,0,0,0,3900,2,1300,0,11250,11600,0,6.9,333.83,2,1,1,0,0,1,1,0,1,1,0,0,1,1,1,0,0,0,0,0,0,0,1,358.21,19542209,54555,92091,5,13.6,36.9,157183,291.1,1,1,0,0,0,0,2,44131,2,0,0,0,1,11.1,11.1,11.1,11.1,11.8,11.8,11.8,11.8,7.85,12.5,0,7,,0,,,,325,0,,,,0,,,,,,1374,,432,0,,,,,,,10262,2907,10262,2907,,,,,,0,,0,0.182,0,0,Suffolk,New York,2,0,0,0,0,0.0607771577715025,0,0,0.00867403581244529,0,0.00822644311273988,0.286934257622563,0.007337418412184,0.108967945385605,0,0.00867403581244529,0.00867403581244529,0,0.00145920692555297,0,0,0.0513942094571673,0,0,0,0,0,0,0,0,0,0,0,0,0,0,0,0,0,0,0,0,0,0,0,0,0.445212544669257,0,0,0.003668709206092,0,0,56,44.8994117155713,0.335785187470181,-0.335785187470175
36103,2020-03-17,36,3.72741311811618,1,3.72741311811618,Suffolk,New York,40.943554,-72.692218,911.7768433,1487901,575162,487981,103887,37012,42204,98607,239139,322908,141672,30099,474510,56397,33705,5148,12746,25656,29735,7.1,0.3,4.7,0.2,42204,376,9.6,0.2,16.1,0.1,21.7,0,9.6,0.2,6.2,0.3,31.9,0.1,4,0.2,5.9,0.2,0.9,0.1,2.6,0.2,5.3,0.2,2,0.1,0.0522,0.3634,0.028,0.3114,0.755,0.1255,0.2983,0.3999,0.0506,0.1936,0.9424,0.0369,0.7106,0.8895,1.6001,0.8545,0.7507,0.0318,0.6864,0.4225,0.4995,2.3909,0.4288,5.6884,0.2146,0,0,0,0,0,0,0,0,0,0,0,0,0,0,0,0,0,0,0,0,79676,5.4,0.2,1348914,11,0,0,0,0,5,0,0,0,0,44148,0,1,0,0,1,0,0,0,0,0,0,0,1,2,2,0,1,1,0,1,2,0,2,0,2,0,0,0,0,0,0,0,0,0,0,0,0,0,0,0,0,0,0,0,0,0,0,0,0,,,,,,,,,,,,,,2,,,,2,,2,2,2,0,0,0,0,0,0,0,0,0,0,0,0,0,0,0,0,1,1,1,1,1,2,0,0,0,0,0,0,0,0,0,2,0,0,0,2,0,0,0,0,,0,0,0,,0,0,0,0,0,0,0,0,0,0,0,,0,0,,0,0,0,0,0,1,0,2,0,3,17,0,0,0,0,0,1,1,0,0,0,0,0,4,0,0,0,0,1,0,0,0,0,0,0,0,0,0,6,0,0,0,0,0,0,0,504,1104,26,26,26,0,0,0,,,,0,0,0,0,3900,2,1300,0,11250,11600,0,6.9,333.83,2,1,1,0,0,1,1,0,1,1,0,0,1,1,1,0,0,0,0,0,0,0,1,358.21,19542209,54555,92091,5,13.6,36.9,157183,291.1,1,1,0,0,0,0,2,44131,2,0,0,0,1,11.1,11.1,11.1,11.1,11.8,11.8,11.8,11.8,7.85,12.5,0,7,,0,,,,325,0,,,,0,,,,,,1374,,432,0,,,,,,,10262,2907,10262,2907,,,,,,0,,0,0.182,0,0,Suffolk,New York,2,0,0,0,0,0.0607771577715025,0,0,0.00867403581244529,0,0.00822644311273988,0.286934257622563,0.007337418412184,0.108967945385605,0,0.00867403581244529,0.00867403581244529,0,0.00145920692555297,0,0,0.0513942094571673,0,0,0,0,0,0,0,0,0,0,0,0,0,0,0,0,0,0,0,0,0,0,0,0,0.445212544669257,0,0,0.003668709206092,0,0,56,44.8994117155713,0.335785187470181,0
36119,2020-03-16,36,5.07784880568313,0,5.29473954520015,Westchester,New York,41.152686,-73.745753,430.5678079,968815,373942,347332,87214,29722,54572,81329,158902,217100,89947,26493,445341,57741,105302,525,14214,50391,26182,9.2,0.4,5.8,0.3,54572,583,12.2,0.3,16.4,0.1,22.4,0,9.4,0.2,7.6,0.4,46,0.1,6.3,0.2,28.2,0.4,0.1,0.1,4.1,0.3,14.5,0.4,2.7,0.1,0.1392,0.5481,0.0041,0.5056,1.197,0.264,0.3298,0.504,0.0423,0.3961,1.2722,0.0853,0.8561,0.9417,1.7978,0.9392,0.9924,0.0022,0.8828,0.9803,0.625,3.4827,0.9386,7.7497,0.5516,0,0,0,0,0,0,0,0,0,0,0,1,1,1,0,0,1,0,2,3,64712,6.8,0.3,885863,11,0,0,0,0,5,0,0,0,0,44148,0,1,0,0,1,0,0,0,0,0,0,0,1,2,2,0,1,1,0,1,2,0,2,0,2,0,0,0,0,0,0,0,0,0,0,0,0,0,0,0,0,0,0,0,0,0,0,0,0,,,,,,,,,,,,,,2,,,,2,,2,2,2,0,0,0,0,0,0,0,0,0,0,0,0,0,0,0,0,1,1,1,1,1,2,0,0,0,0,0,0,0,0,0,2,0,0,0,2,0,0,0,0,,0,0,0,,0,0,0,0,0,0,0,0,0,0,0,,0,0,,0,0,0,0,0,1,0,2,0,3,17,0,0,0,0,0,1,1,0,0,0,0,0,4,0,0,0,0,1,0,0,0,0,0,0,0,0,0,6,0,0,0,0,0,0,0,504,1104,26,26,26,0,0,0,,,,0,0,0,0,3900,2,1300,0,11250,11600,0,6.9,333.83,2,1,1,0,0,1,1,0,1,1,0,0,1,1,1,0,0,0,0,0,0,0,1,358.21,19542209,54555,92091,5,13.6,36.9,157183,291.1,1,1,0,0,0,0,2,44131,2,0,0,0,1,11.1,11.1,11.1,11.1,11.8,11.8,11.8,11.8,7.85,12.5,0,7,,0,,,,325,0,,,,0,,,,,,1374,,432,0,,,,,,,10262,2907,10262,2907,,,,,,0,,0,0.141,0,0,Westchester,New York,2,0,0,0,0,0.0607771577715025,0,0,0.00867403581244529,0,0.00822644311273988,0.286934257622563,0.007337418412184,0.108967945385605,0,0.00867403581244529,0.00867403581244529,0,0.00145920692555297,0,0,0.0513942094571673,0,0,0,0,0,0,0,0,0,0,0,0,0,0,0,0,0,0,0,0,0,0,0,0,0.445212544669257,0,0,0.003668709206092,0,0,56,31.5879870344373,0.216890739517027,-0.216890739517025
36119,2020-03-17,36,5.29473954520015,1,5.29473954520015,Westchester,New York,41.152686,-73.745753,430.5678079,968815,373942,347332,87214,29722,54572,81329,158902,217100,89947,26493,445341,57741,105302,525,14214,50391,26182,9.2,0.4,5.8,0.3,54572,583,12.2,0.3,16.4,0.1,22.4,0,9.4,0.2,7.6,0.4,46,0.1,6.3,0.2,28.2,0.4,0.1,0.1,4.1,0.3,14.5,0.4,2.7,0.1,0.1392,0.5481,0.0041,0.5056,1.197,0.264,0.3298,0.504,0.0423,0.3961,1.2722,0.0853,0.8561,0.9417,1.7978,0.9392,0.9924,0.0022,0.8828,0.9803,0.625,3.4827,0.9386,7.7497,0.5516,0,0,0,0,0,0,0,0,0,0,0,1,1,1,0,0,1,0,2,3,64712,6.8,0.3,885863,11,0,0,0,0,5,0,0,0,0,44148,0,1,0,0,1,0,0,0,0,0,0,0,1,2,2,0,1,1,0,1,2,0,2,0,2,0,0,0,0,0,0,0,0,0,0,0,0,0,0,0,0,0,0,0,0,0,0,0,0,,,,,,,,,,,,,,2,,,,2,,2,2,2,0,0,0,0,0,0,0,0,0,0,0,0,0,0,0,0,1,1,1,1,1,2,0,0,0,0,0,0,0,0,0,2,0,0,0,2,0,0,0,0,,0,0,0,,0,0,0,0,0,0,0,0,0,0,0,,0,0,,0,0,0,0,0,1,0,2,0,3,17,0,0,0,0,0,1,1,0,0,0,0,0,4,0,0,0,0,1,0,0,0,0,0,0,0,0,0,6,0,0,0,0,0,0,0,504,1104,26,26,26,0,0,0,,,,0,0,0,0,3900,2,1300,0,11250,11600,0,6.9,333.83,2,1,1,0,0,1,1,0,1,1,0,0,1,1,1,0,0,0,0,0,0,0,1,358.21,19542209,54555,92091,5,13.6,36.9,157183,291.1,1,1,0,0,0,0,2,44131,2,0,0,0,1,11.1,11.1,11.1,11.1,11.8,11.8,11.8,11.8,7.85,12.5,0,7,,0,,,,325,0,,,,0,,,,,,1374,,432,0,,,,,,,10262,2907,10262,2907,,,,,,0,,0,0.141,0,0,Westchester,New York,2,0,0,0,0,0.0607771577715025,0,0,0.00867403581244529,0,0.00822644311273988,0.286934257622563,0.007337418412184,0.108967945385605,0,0.00867403581244529,0.00867403581244529,0,0.00145920692555297,0,0,0.0513942094571673,0,0,0,0,0,0,0,0,0,0,0,0,0,0,0,0,0,0,0,0,0,0,0,0,0.445212544669257,0,0,0.003668709206092,0,0,56,31.5879870344373,0.216890739517027,0
53033,2020-03-16,53,5.80556516896614,0,5.93715920225044,King,Washington,47.490599,-121.833996,2115.298789,2163257,917904,865627,203702,55432,49298,108078,274609,445378,205142,53739,855746,94471,256076,17434,31712,87191,36590,9.5,0.2,4.5,0.1,49298,320,7,0.2,12.7,0,20.6,0,9.5,0.1,6.2,0.2,39.6,0,4.6,0.1,27.9,0.3,1.9,0.1,3.7,0.2,10.1,0.2,1.7,0.1,0.1551,0.3299,0.0089,0.1223,0.6162,0.0885,0.0914,0.2748,0.0478,0.1936,0.6076,0.0134,0.7975,0.908,1.7055,0.9048,0.9914,0.0716,0.8551,0.9096,0.4126,3.2403,0.8666,6.1696,0.2854,0,0,0,0,0,0,0,0,0,0,0,1,1,1,0,0,1,0,2,3,122097,5.7,0.1,2094615,18,0,1,0,0,2,0,0,0,0,0,0,0,0,0,1,1,0,0,0,0,0,0,1,0,0,0,1,2,0,0,2,0,2,0,1,0,0,0,0,0,0,0,0,0,0,0,0,0,0,0,0,0,0,0,0,0,0,0,0,,,,,,,,,,,,,,2,,2,,,,,2,2,0,0,0,0,0,0,0,0,0,0,0,0,0,0,1,0,0,0,1,1,0,0,0,0,0,0,0,0,0,0,0,0,0,0,0,0,0,0,0,0,0,0,0,0,0,0,0,0,0,0,0,18,0,0,0,0,0,0,0,0,0,0,0,0,0,1,0,8,0,0,0,1,0,0,1,1,1,1,0,1,1,1,1,5,0,0,0,0,0,1,0,0,0,0,0,0,0,0,0,1,1,1,1,0,0,0,790,1390,26,26,26,0,0,0,6.2,155,138,0,0,0,0,,2,1,0,15584.42,52700,0,5.4,402.28,1,1,0,1,1,1,0,0,0,0,2,1,0,1,1,0,0,0,0,0,0,0,1,105.69,7535591,71298,21577,4.3,10.3,35.1,56877,373.3,1,1,0,0,1,0,0,0,0,0,0,0,0,12,12,12,12,13.5,13.5,13.5,13.5,13.5,13.69,0,78,,9,,,,,0,,,,0,,,,,,1305,1305,108,0,,,,,,,29870,4815,29870,4815,,,,,29154,4638,,0,0.09,0,0,King,Washington,10,0,0,0,0,0.0117691716068939,0,0,0,0,0,0.479574553079584,0.0116454956963481,0.0346361281131856,0,0.0200957130997233,0.0402417325187933,0,0,0,0,0.0236355155469488,0,0,0,0,0,0,0,0,0,0,0,0,0,0,0,0,0,0,0,0,0,0,0,0,0.378401690338523,0,0,0,0,0,56,10.8827628877086,0.131594033284298,-0.131594033284297
53033,2020-03-17,53,5.93715920225044,1,5.93715920225044,King,Washington,47.490599,-121.833996,2115.298789,2163257,917904,865627,203702,55432,49298,108078,274609,445378,205142,53739,855746,94471,256076,17434,31712,87191,36590,9.5,0.2,4.5,0.1,49298,320,7,0.2,12.7,0,20.6,0,9.5,0.1,6.2,0.2,39.6,0,4.6,0.1,27.9,0.3,1.9,0.1,3.7,0.2,10.1,0.2,1.7,0.1,0.1551,0.3299,0.0089,0.1223,0.6162,0.0885,0.0914,0.2748,0.0478,0.1936,0.6076,0.0134,0.7975,0.908,1.7055,0.9048,0.9914,0.0716,0.8551,0.9096,0.4126,3.2403,0.8666,6.1696,0.2854,0,0,0,0,0,0,0,0,0,0,0,1,1,1,0,0,1,0,2,3,122097,5.7,0.1,2094615,18,0,1,0,0,2,0,0,0,0,0,0,0,0,0,1,1,0,0,0,0,0,0,1,0,0,0,1,2,0,0,2,0,2,0,1,0,0,0,0,0,0,0,0,0,0,0,0,0,0,0,0,0,0,0,0,0,0,0,0,,,,,,,,,,,,,,2,,2,,,,,2,2,0,0,0,0,0,0,0,0,0,0,0,0,0,0,1,0,0,0,1,1,0,0,0,0,0,0,0,0,0,0,0,0,0,0,0,0,0,0,0,0,0,0,0,0,0,0,0,0,0,0,0,18,0,0,0,0,0,0,0,0,0,0,0,0,0,1,0,8,0,0,0,1,0,0,1,1,1,1,0,1,1,1,1,5,0,0,0,0,0,1,0,0,0,0,0,0,0,0,0,1,1,1,1,0,0,0,790,1390,26,26,26,0,0,0,6.2,155,138,0,0,0,0,,2,1,0,15584.42,52700,0,5.4,402.28,1,1,0,1,1,1,0,0,0,0,2,1,0,1,1,0,0,0,0,0,0,0,1,105.69,7535591,71298,21577,4.3,10.3,35.1,56877,373.3,1,1,0,0,1,0,0,0,0,0,0,0,0,12,12,12,12,13.5,13.5,13.5,13.5,13.5,13.69,0,78,,9,,,,,0,,,,0,,,,,,1305,1305,108,0,,,,,,,29870,4815,29870,4815,,,,,29154,4638,,0,0.09,0,0,King,Washington,10,0,0,0,0,0.0117691716068939,0,0,0,0,0,0.479574553079584,0.0116454956963481,0.0346361281131856,0,0.0200957130997233,0.0402417325187933,0,0,0,0,0.0236355155469488,0,0,0,0,0,0,0,0,0,0,0,0,0,0,0,0,0,0,0,0,0,0,0,0,0.378401690338523,0,0,0,0,0,56,10.8827628877086,0.131594033284298,0
53053,2020-03-17,53,3.3322045101752,1,3.3322045101752,Pierce,Washington,47.051413,-122.15324,1667.8076278,859840,343060,317699,94207,24544,32874,50229,113665,203938,112312,28779,280741,20017,41137,20157,8778,17215,18446,11.2,0.4,5.8,0.3,32874,347,8.7,0.3,13.2,0,23.7,0,13.4,0.3,9.1,0.4,32.7,0,2.5,0.2,12,0.4,5.9,0.3,2.8,0.2,5.4,0.3,2.1,0.1,0.2608,0.5481,0.1424,0.2413,1.1926,0.2634,0.1121,0.6826,0.2923,0.653,1.74,0.2894,0.7198,0.8112,1.531,0.8223,0.9153,0.2792,0.7249,0.4435,0.5244,2.8873,0.7046,7.3509,0.4873,0,0,0,0,0,0,0,0,0,0,0,0,0,1,0,0,0,0,1,1,56504,6.7,0.3,772278,18,0,1,0,0,2,0,0,0,0,0,0,0,0,0,1,1,0,0,0,0,0,0,1,0,0,0,1,2,0,0,2,0,2,0,1,0,0,0,0,0,0,0,0,0,0,0,0,0,0,0,0,0,0,0,0,0,0,0,0,,,,,,,,,,,,,,2,,2,,,,,2,2,0,0,0,0,0,0,0,0,0,0,0,0,0,0,1,0,0,0,1,1,0,0,0,0,0,0,0,0,0,0,0,0,0,0,0,0,0,0,0,0,0,0,0,0,0,0,0,0,0,0,0,18,0,0,0,0,0,0,0,0,0,0,0,0,0,1,0,8,0,0,0,1,0,0,1,1,1,1,0,1,1,1,1,5,0,0,0,0,0,1,0,0,0,0,0,0,0,0,0,1,1,1,1,0,0,0,790,1390,26,26,26,0,0,0,6.2,155,138,0,0,0,0,,2,1,0,15584.42,52700,0,5.4,402.28,1,1,0,1,1,1,0,0,0,0,2,1,0,1,1,0,0,0,0,0,0,0,1,105.69,7535591,71298,21577,4.3,10.3,35.1,56877,373.3,1,1,0,0,1,0,0,0,0,0,0,0,0,12,12,12,12,13.5,13.5,13.5,13.5,13.5,13.69,0,78,,9,,,,,0,,,,0,,,,,,1305,1305,108,0,,,,,,,29870,4815,29870,4815,,,,,29154,4638,,0,0.033,0,0,Pierce,Washington,10,0,0,0,0,0.0117691716068939,0,0,0,0,0,0.479574553079584,0.0116454956963481,0.0346361281131856,0,0.0200957130997233,0.0402417325187933,0,0,0,0,0.0236355155469488,0,0,0,0,0,0,0,0,0,0,0,0,0,0,0,0,0,0,0,0,0,0,0,0,0.378401690338523,0,0,0,0,0,56,35.9418089762072,0.166126870873977,0
53053,2020-03-16,53,3.16607763930123,0,3.3322045101752,Pierce,Washington,47.051413,-122.15324,1667.8076278,859840,343060,317699,94207,24544,32874,50229,113665,203938,112312,28779,280741,20017,41137,20157,8778,17215,18446,11.2,0.4,5.8,0.3,32874,347,8.7,0.3,13.2,0,23.7,0,13.4,0.3,9.1,0.4,32.7,0,2.5,0.2,12,0.4,5.9,0.3,2.8,0.2,5.4,0.3,2.1,0.1,0.2608,0.5481,0.1424,0.2413,1.1926,0.2634,0.1121,0.6826,0.2923,0.653,1.74,0.2894,0.7198,0.8112,1.531,0.8223,0.9153,0.2792,0.7249,0.4435,0.5244,2.8873,0.7046,7.3509,0.4873,0,0,0,0,0,0,0,0,0,0,0,0,0,1,0,0,0,0,1,1,56504,6.7,0.3,772278,18,0,1,0,0,2,0,0,0,0,0,0,0,0,0,1,1,0,0,0,0,0,0,1,0,0,0,1,2,0,0,2,0,2,0,1,0,0,0,0,0,0,0,0,0,0,0,0,0,0,0,0,0,0,0,0,0,0,0,0,,,,,,,,,,,,,,2,,2,,,,,2,2,0,0,0,0,0,0,0,0,0,0,0,0,0,0,1,0,0,0,1,1,0,0,0,0,0,0,0,0,0,0,0,0,0,0,0,0,0,0,0,0,0,0,0,0,0,0,0,0,0,0,0,18,0,0,0,0,0,0,0,0,0,0,0,0,0,1,0,8,0,0,0,1,0,0,1,1,1,1,0,1,1,1,1,5,0,0,0,0,0,1,0,0,0,0,0,0,0,0,0,1,1,1,1,0,0,0,790,1390,26,26,26,0,0,0,6.2,155,138,0,0,0,0,,2,1,0,15584.42,52700,0,5.4,402.28,1,1,0,1,1,1,0,0,0,0,2,1,0,1,1,0,0,0,0,0,0,0,1,105.69,7535591,71298,21577,4.3,10.3,35.1,56877,373.3,1,1,0,0,1,0,0,0,0,0,0,0,0,12,12,12,12,13.5,13.5,13.5,13.5,13.5,13.69,0,78,,9,,,,,0,,,,0,,,,,,1305,1305,108,0,,,,,,,29870,4815,29870,4815,,,,,29154,4638,,0,0.033,0,0,Pierce,Washington,10,0,0,0,0,0.0117691716068939,0,0,0,0,0,0.479574553079584,0.0116454956963481,0.0346361281131856,0,0.0200957130997233,0.0402417325187933,0,0,0,0,0.0236355155469488,0,0,0,0,0,0,0,0,0,0,0,0,0,0,0,0,0,0,0,0,0,0,0,0,0.378401690338523,0,0,0,0,0,56,35.9418089762072,0.166126870873977,-0.166126870873974
53061,2020-03-16,53,4.84531131367087,0,5.05168583392661,Snohomish,Washington,48.070464,-121.936784,2086.5178232,786620,306420,289737,62597,19216,37671,42223,99868,180294,90402,22600,233415,25835,45089,14763,8860,14096,10931,8.1,0.4,4.6,0.2,37671,315,7.8,0.3,12.7,0.1,22.9,0,11.6,0.3,7.8,0.4,29.7,0.1,3.5,0.2,14.7,0.4,4.8,0.2,3.1,0.2,4.9,0.3,1.4,0.1,0.0838,0.3487,0.0608,0.1831,0.6764,0.1045,0.0914,0.5715,0.1585,0.433,1.2544,0.0799,0.6899,0.8685,1.5584,0.8367,0.9468,0.2194,0.7803,0.3572,0.3018,2.6055,0.5527,6.0947,0.2755,0,0,0,0,0,0,0,0,0,0,0,0,0,1,0,0,0,0,1,1,50134,6.5,0.3,632469,18,0,1,0,0,2,0,0,0,0,0,0,0,0,0,1,1,0,0,0,0,0,0,1,0,0,0,1,2,0,0,2,0,2,0,1,0,0,0,0,0,0,0,0,0,0,0,0,0,0,0,0,0,0,0,0,0,0,0,0,,,,,,,,,,,,,,2,,2,,,,,2,2,0,0,0,0,0,0,0,0,0,0,0,0,0,0,1,0,0,0,1,1,0,0,0,0,0,0,0,0,0,0,0,0,0,0,0,0,0,0,0,0,0,0,0,0,0,0,0,0,0,0,0,18,0,0,0,0,0,0,0,0,0,0,0,0,0,1,0,8,0,0,0,1,0,0,1,1,1,1,0,1,1,1,1,5,0,0,0,0,0,1,0,0,0,0,0,0,0,0,0,1,1,1,1,0,0,0,790,1390,26,26,26,0,0,0,6.2,155,138,0,0,0,0,,2,1,0,15584.42,52700,0,5.4,402.28,1,1,0,1,1,1,0,0,0,0,2,1,0,1,1,0,0,0,0,0,0,0,1,105.69,7535591,71298,21577,4.3,10.3,35.1,56877,373.3,1,1,0,0,1,0,0,0,0,0,0,0,0,12,12,12,12,13.5,13.5,13.5,13.5,13.5,13.69,0,78,,9,,,,,0,,,,0,,,,,,1305,1305,108,0,,,,,,,29870,4815,29870,4815,,,,,29154,4638,,0,0.079,0,0,Snohomish,Washington,10,0,0,0,0,0.0117691716068939,0,0,0,0,0,0.479574553079584,0.0116454956963481,0.0346361281131856,0,0.0200957130997233,0.0402417325187933,0,0,0,0,0.0236355155469488,0,0,0,0,0,0,0,0,0,0,0,0,0,0,0,0,0,0,0,0,0,0,0,0,0.378401690338523,0,0,0,0,0,56,31.5217561370152,0.206374520255744,-0.20637452025574
53061,2020-03-17,53,5.05168583392661,1,5.05168583392661,Snohomish,Washington,48.070464,-121.936784,2086.5178232,786620,306420,289737,62597,19216,37671,42223,99868,180294,90402,22600,233415,25835,45089,14763,8860,14096,10931,8.1,0.4,4.6,0.2,37671,315,7.8,0.3,12.7,0.1,22.9,0,11.6,0.3,7.8,0.4,29.7,0.1,3.5,0.2,14.7,0.4,4.8,0.2,3.1,0.2,4.9,0.3,1.4,0.1,0.0838,0.3487,0.0608,0.1831,0.6764,0.1045,0.0914,0.5715,0.1585,0.433,1.2544,0.0799,0.6899,0.8685,1.5584,0.8367,0.9468,0.2194,0.7803,0.3572,0.3018,2.6055,0.5527,6.0947,0.2755,0,0,0,0,0,0,0,0,0,0,0,0,0,1,0,0,0,0,1,1,50134,6.5,0.3,632469,18,0,1,0,0,2,0,0,0,0,0,0,0,0,0,1,1,0,0,0,0,0,0,1,0,0,0,1,2,0,0,2,0,2,0,1,0,0,0,0,0,0,0,0,0,0,0,0,0,0,0,0,0,0,0,0,0,0,0,0,,,,,,,,,,,,,,2,,2,,,,,2,2,0,0,0,0,0,0,0,0,0,0,0,0,0,0,1,0,0,0,1,1,0,0,0,0,0,0,0,0,0,0,0,0,0,0,0,0,0,0,0,0,0,0,0,0,0,0,0,0,0,0,0,18,0,0,0,0,0,0,0,0,0,0,0,0,0,1,0,8,0,0,0,1,0,0,1,1,1,1,0,1,1,1,1,5,0,0,0,0,0,1,0,0,0,0,0,0,0,0,0,1,1,1,1,0,0,0,790,1390,26,26,26,0,0,0,6.2,155,138,0,0,0,0,,2,1,0,15584.42,52700,0,5.4,402.28,1,1,0,1,1,1,0,0,0,0,2,1,0,1,1,0,0,0,0,0,0,0,1,105.69,7535591,71298,21577,4.3,10.3,35.1,56877,373.3,1,1,0,0,1,0,0,0,0,0,0,0,0,12,12,12,12,13.5,13.5,13.5,13.5,13.5,13.69,0,78,,9,,,,,0,,,,0,,,,,,1305,1305,108,0,,,,,,,29870,4815,29870,4815,,,,,29154,4638,,0,0.079,0,0,Snohomish,Washington,10,0,0,0,0,0.0117691716068939,0,0,0,0,0,0.479574553079584,0.0116454956963481,0.0346361281131856,0,0.0200957130997233,0.0402417325187933,0,0,0,0,0.0236355155469488,0,0,0,0,0,0,0,0,0,0,0,0,0,0,0,0,0,0,0,0,0,0,0,0,0.378401690338523,0,0,0,0,0,56,31.5217561370152,0.206374520255744,0
99999,2020-03-16,36,5.30045793104715,0,5.66097438216432,New York City,New York,40.658566,-73.95064,57.5186516,1632480,855716,758133,295165,70250,31984,258956,257362,361080,209900,60827,1303998,210911,358674,732,61715,292462,40893,16.6,0.4,6.2,0.2,31984,267,18.4,0.3,14.8,0.1,22,0,10.2,0.2,7.8,0.2,63.8,0,12,0.2,40.9,0.4,0.1,0.1,9.5,0.3,55.8,0.4,1.6,0.1,0.6258,0.6207,0.1736,0.7883,2.0319,0.5223,0.1974,0.4502,0.0755,0.433,1.198,0.0697,0.943,0.9847,1.9277,0.9799,0.9981,0.0022,0.9863,0.9981,0.3792,3.3665,0.9096,8.124,0.6201,0,0,0,0,0,0,0,0,0,0,1,1,2,1,0,1,1,0,3,5,136920,8.2,0.2,1164366,11,0,0,0,0,5,0,0,0,0,44148,0,1,0,0,1,0,0,0,0,0,0,0,1,2,2,0,1,1,0,1,2,0,2,0,2,0,0,0,0,0,0,0,0,0,0,0,0,0,0,0,0,0,0,0,0,0,0,0,0,,,,,,,,,,,,,,2,,,,2,,2,2,2,0,0,0,0,0,0,0,0,0,0,0,0,0,0,0,0,1,1,1,1,1,2,0,0,0,0,0,0,0,0,0,2,0,0,0,2,0,0,0,0,,0,0,0,,0,0,0,0,0,0,0,0,0,0,0,,0,0,,0,0,0,0,0,1,0,2,0,3,17,0,0,0,0,0,1,1,0,0,0,0,0,4,0,0,0,0,1,0,0,0,0,0,0,0,0,0,6,0,0,0,0,0,0,0,504,1104,26,26,26,0,0,0,,,,0,0,0,0,3900,2,1300,0,11250,11600,0,6.9,333.83,2,1,1,0,0,1,1,0,1,1,0,0,1,1,1,0,0,0,0,0,0,0,1,358.21,19542209,54555,92091,5,13.6,36.9,157183,291.1,1,1,0,0,0,0,2,44131,2,0,0,0,1,11.1,11.1,11.1,11.1,11.8,11.8,11.8,11.8,7.85,12.5,0,7,,0,,,,325,0,,,,0,,,,,,1374,,432,0,,,,,,,10262,2907,10262,2907,,,,,,0,,0,,,,New York City,New York,2,0,0,0,0,0.0607771577715025,0,0,0.00867403581244529,0,0.00822644311273988,0.286934257622563,0.007337418412184,0.108967945385605,0,0.00867403581244529,0.00867403581244529,0,0.00145920692555297,0,0,0.0513942094571673,0,0,0,0,0,0,0,0,0,0,0,0,0,0,0,0,0,0,0,0,0,0,0,0,0.445212544669257,0,0,0.003668709206092,0,0,56,40.2975976141394,0.360516451117174,-0.360516451117169
99999,2020-03-17,36,5.66097438216432,1,5.66097438216432,New York City,New York,40.658566,-73.95064,57.5186516,1632480,855716,758133,295165,70250,31984,258956,257362,361080,209900,60827,1303998,210911,358674,732,61715,292462,40893,16.6,0.4,6.2,0.2,31984,267,18.4,0.3,14.8,0.1,22,0,10.2,0.2,7.8,0.2,63.8,0,12,0.2,40.9,0.4,0.1,0.1,9.5,0.3,55.8,0.4,1.6,0.1,0.6258,0.6207,0.1736,0.7883,2.0319,0.5223,0.1974,0.4502,0.0755,0.433,1.198,0.0697,0.943,0.9847,1.9277,0.9799,0.9981,0.0022,0.9863,0.9981,0.3792,3.3665,0.9096,8.124,0.6201,0,0,0,0,0,0,0,0,0,0,1,1,2,1,0,1,1,0,3,5,136920,8.2,0.2,1164366,11,0,0,0,0,5,0,0,0,0,44148,0,1,0,0,1,0,0,0,0,0,0,0,1,2,2,0,1,1,0,1,2,0,2,0,2,0,0,0,0,0,0,0,0,0,0,0,0,0,0,0,0,0,0,0,0,0,0,0,0,,,,,,,,,,,,,,2,,,,2,,2,2,2,0,0,0,0,0,0,0,0,0,0,0,0,0,0,0,0,1,1,1,1,1,2,0,0,0,0,0,0,0,0,0,2,0,0,0,2,0,0,0,0,,0,0,0,,0,0,0,0,0,0,0,0,0,0,0,,0,0,,0,0,0,0,0,1,0,2,0,3,17,0,0,0,0,0,1,1,0,0,0,0,0,4,0,0,0,0,1,0,0,0,0,0,0,0,0,0,6,0,0,0,0,0,0,0,504,1104,26,26,26,0,0,0,,,,0,0,0,0,3900,2,1300,0,11250,11600,0,6.9,333.83,2,1,1,0,0,1,1,0,1,1,0,0,1,1,1,0,0,0,0,0,0,0,1,358.21,19542209,54555,92091,5,13.6,36.9,157183,291.1,1,1,0,0,0,0,2,44131,2,0,0,0,1,11.1,11.1,11.1,11.1,11.8,11.8,11.8,11.8,7.85,12.5,0,7,,0,,,,325,0,,,,0,,,,,,1374,,432,0,,,,,,,10262,2907,10262,2907,,,,,,0,,0,,,,New York City,New York,2,0,0,0,0,0.0607771577715025,0,0,0.00867403581244529,0,0.00822644311273988,0.286934257622563,0.007337418412184,0.108967945385605,0,0.00867403581244529,0.00867403581244529,0,0.00145920692555297,0,0,0.0513942094571673,0,0,0,0,0,0,0,0,0,0,0,0,0,0,0,0,0,0,0,0,0,0,0,0,0.445212544669257,0,0,0.003668709206092,0,0,56,40.2975976141394,0.360516451117174,0
